Obs_Id,Rainfall,Evaporation,Sunshine,Temp,Wind_Speed,Humidity,Pressure,RainTomorrow
1,3.6,1,3,14.225,12.33333333,82,1028.1,0
2,0,7.2,4.9,23.075,44.33333333,69.5,1015.65,1
3,0,0.6,1.5,10.175,16.66666667,87,1026.45,0
4,0.8,2.4,0.5,19,42.66666667,89,1010.05,1
5,40.4,3,3.6,18.725,35.33333333,81.5,1005.6,0
6,4,3,11.3,15.125,43.66666667,59.5,1016.8,0
7,0,7,8.5,24.325,14,57,1011,0
8,0,11,11.6,19.9,37,32,1012.25,0
9,0,6.8,6.2,20.125,34.33333333,34.5,1008.2,0
10,0,5,11.5,22.775,16,21,1030.95,0
11,0,7.8,2.4,16.7,46.33333333,63.5,1019,0
12,0,5,0.1,20.4,37.66666667,78,1019.45,1
13,69.2,8.8,1.6,27.825,16.66666667,82,1008.1,0
14,0,3.2,8.1,16.2,24.66666667,59.5,1028.85,0
15,0,10.6,0,22.3,15.66666667,60,1016.4,0
16,0,2.8,3.6,13.075,38.66666667,67.5,1013.85,1
17,0,0.6,0.2,10.675,17,74,1019.05,0
18,26.8,4.6,8.4,23.75,18.66666667,78.5,1010.15,0
19,0,8.6,7.2,25.475,27.33333333,51.5,1015.4,0
20,0,4,8.9,19.525,41.33333333,46,1015.1,0
21,0,11.2,11.3,19.7,21,34.5,1021.55,0
22,0,5.8,11,24.8,32.66666667,71,1014.5,0
23,0,3.4,2.9,11.7,20.66666667,56.5,1022.5,0
24,0,3.2,3.5,8.7,14.66666667,52,1025.2,0
25,19,5.2,9.2,15.95,25,59,1013.2,0
26,4.4,2.2,2.6,15.825,29.33333333,80.5,1033.1,1
27,0,4,7.2,16.875,24,59,1024.45,0
28,0,5.2,5.5,13.85,18.33333333,67.5,1023.65,0
29,0.2,3,9.9,16.25,25.66666667,58.5,1017.25,0
30,0,4,10.6,17.25,15,51.5,1019.45,0
31,0,10.6,13.1,25.35,27,58,1011,0
32,0,6.8,10.2,30.65,26,65.5,1010.7,0
33,0,3.4,9.9,19.875,14,36.5,1027.1,0
34,0,1.8,1,10.55,12.33333333,51,1018.8,0
35,0,6.2,11.3,20.1,24.33333333,66,1017.35,0
36,7.8,2.6,0,17.85,23.66666667,94.5,1013.25,1
37,0,5.6,8.3,22.425,22.66666667,65,1008.2,0
38,0,8.2,10.9,25.925,29.66666667,12.5,1017.1,0
39,0,1.6,6.9,8.725,18.66666667,76,1019.2,0
40,0,2.6,2.7,13.45,22.66666667,64.5,1024.7,0
41,0,3.2,3.1,13.1,28.33333333,57.5,1022,0
42,0,0.8,5.6,11.725,12.66666667,78.5,1029.9,0
43,5.6,1.6,11.5,14.95,21.33333333,54.5,1023.6,0
44,0,14.6,12.8,30.525,26,36.5,1008.95,0
45,9.8,3,10.7,29.775,22.66666667,61.5,1010.15,0
46,0,2.4,4.2,16.225,25.33333333,75.5,1023.4,1
47,0.2,10.4,5.8,22.475,28.33333333,73.5,1009.55,1
48,0,2.4,4.4,10.95,24.33333333,66.5,1020.8,0
49,7,7.6,1.4,26.75,38,74,1007.75,0
50,0,11.6,12.5,16.9,26,65.5,1013.7,0
51,0,5.6,9.3,21.475,16.66666667,29.5,1018.8,0
52,0,5.4,10.8,18.325,26,18,1018.4,0
53,0,6.6,12,16.525,23.66666667,34,1019.1,0
54,0,9,11.7,26.8,20.66666667,49.5,1016.4,0
55,0.4,3,3.9,19.825,16.66666667,67.5,1013.95,0
56,0,1,0.1,11.725,5.666666667,63,1030.9,0
57,0,7.4,10.1,28.5,26.66666667,65.5,1010.5,0
58,0.6,3.4,5.2,17.975,36.66666667,78.5,1018.25,0
59,0,4.4,6.7,20.85,25.66666667,67.5,1018.7,0
60,2.2,0.6,2.2,11.825,15.33333333,81,1022,1
61,0,7,11.7,28.275,32.33333333,39,1012.2,0
62,0,3.8,10.6,26.175,23.33333333,28.5,1011.2,0
63,0,4.8,10.4,20.75,14,60,1019.9,0
64,18.4,2.8,5.2,15.25,43,76.5,1005.3,1
65,0,1.6,9.2,15.9,20.33333333,56,1022.25,0
66,3.6,3.8,5.5,29.45,18.66666667,71.5,1007.95,0
67,0,3,5.3,8.9,22.66666667,61,1029.45,1
68,0,9.6,9.6,30,36,18.5,1009.9,0
69,0,1.8,8.4,15.65,36.33333333,56.5,1024.15,0
70,0,9.6,11.1,23.275,23.33333333,40,1019.55,0
71,0,4.2,8.5,19.6,20.33333333,54,1022.6,0
72,3.6,2.6,5.2,14.025,18,69.5,1019.65,0
73,0,6,5.6,20.95,28.33333333,16,1015.55,0
74,2.4,2.8,3.1,17.75,19,87.5,1015.25,1
75,0,7.2,11.4,25.625,19,27.5,1015.95,0
76,0,10,10.1,29.85,28,43,1013.6,0
77,0,5.4,8.8,25.25,21.33333333,53,1010.85,1
78,0.4,4.2,10.1,20.625,15.66666667,63.5,1019.75,0
79,0,9.4,12.2,26.125,31.33333333,43,1013.7,0
80,0,0.6,9.8,11.25,14,62.5,1025.65,0
81,0,9.8,6,21.625,57.33333333,20.5,1009.85,0
82,0,6.8,9.5,21.375,18,61,1027.25,0
83,8.6,8.2,7.5,29.6,36.33333333,67,1002.95,0
84,0,11,11.7,24,40,29.5,1017.6,0
85,0,15.8,13.1,30.8,24,11.5,1009.5,0
86,0,6.8,11.4,23.5,31.66666667,56,1010.8,0
87,6.2,0.6,6,12.675,28,55.5,1020.7,0
88,0,10.8,12.1,24.475,18.66666667,61,1011.65,0
89,3.2,6.8,0,14.825,8.333333333,100,1024.3,1
90,0,2.4,8.5,10.85,21.66666667,72,1022.15,0
91,0,5.6,9.5,25.9,25.33333333,42.5,1013.65,0
92,0,4,9.5,12.425,30.33333333,59,1017.25,0
93,24.2,5.2,1.3,26.525,37.33333333,88,1008.1,1
94,1,1.6,2.5,10.6,21.33333333,77,1028.4,1
95,0,6,6.2,23.025,13,61.5,1019.4,0
96,17.4,6.4,7.9,11.575,29,58.5,1017.25,0
97,0.6,4.8,4.5,10.925,36.33333333,53.5,1004.55,0
98,0,2.6,8.4,19.95,30.33333333,65,1020,0
99,0,7.6,12.6,21.1,23.33333333,33.5,1019.4,0
100,0,2,9.6,7.8,13,56.5,1022.6,0
101,0,7,11.1,28.575,23.33333333,53.5,1011,0
102,0,7.8,10.9,13.375,23.33333333,47,1026.95,0
103,0,4,7.3,12.1,22.66666667,52,1010.6,0
104,0,11,3.2,21.85,31.66666667,54.5,1011.7,1
105,3.4,1.8,5.7,13.675,18.66666667,73.5,1023.45,0
106,0.6,9.8,6.7,17.15,43,57.5,1008.6,1
107,0,2.4,4,17.85,18.66666667,51.5,1024.85,0
108,0.6,8,11.3,30.275,28,60,1009.65,0
109,0,7.2,12.7,25.5,25,39,1008.55,0
110,0,10.8,12.4,29.525,22,40,1011.35,0
111,15,0.8,3.5,8.975,31.66666667,83.5,1016.9,1
112,9,5.8,7.7,23.675,18.66666667,69.5,1016.55,0
113,1.2,1.4,3.8,11.3,15,77,1031.05,0
114,3.6,6,7.6,24.025,30.66666667,80,1015.9,0
115,1,5.8,11.1,30.425,27.33333333,67,1009.95,0
116,0,2,6.3,12.25,26,73,1019.1,0
117,1.6,3.2,6.1,15.225,27.66666667,57.5,1015.15,0
118,0,10.2,9.1,27.85,34,23.5,1012.65,0
119,0.6,2.6,6.4,14.675,18,72.5,1022.75,1
120,0,3.4,10.4,20.7,26,33,1009.35,0
121,0,7.8,10.9,23.175,33.33333333,41,1011.35,0
122,0,8.4,10.5,25.775,32,59,1015.5,0
123,9.4,6.6,11.5,17.6,24.33333333,48,1019.5,0
124,32.2,7,3,26.8,26.33333333,87,1007,1
125,3.2,7.4,1.6,13.9,43.33333333,79,1013.15,1
126,0.2,1.6,3.8,13.725,28.33333333,58.5,1023.3,0
127,0,6.4,11.9,23.35,24,60.5,1018.7,0
128,0,6.8,5.1,23.4,26.66666667,69,1017.95,1
129,0,10.6,11.2,20.5,32,37,1021.85,0
130,0,2.2,8.9,17.975,16,50,1024.35,0
131,0.2,19.6,10.2,32.35,23.33333333,18.5,1007.25,0
132,0,7.4,9.8,25.3,28.66666667,51.5,1018.7,0
133,0,1.2,4.4,13.175,19.33333333,65.5,1023.6,0
134,2.4,1.6,7.1,9.3,32.33333333,67.5,1018.2,1
135,1.8,8,8.9,22.175,39,68.5,1017.25,0
136,0,1.2,7.6,25.825,26.33333333,66,1014.95,0
137,0,6.2,7.4,20.725,18,29,1014.35,0
138,0,4,5.1,25.675,26,67.5,1015.2,0
139,0,2.6,6,12.25,20,67.5,1026.7,0
140,0,2.4,4.7,11.75,34,66.5,1012.3,0
141,0,19.6,10,17.975,20.33333333,33.5,1016.4,0
142,0,6.2,10.9,29.175,26.66666667,50,1012.05,0
143,0,1.6,6.9,8.725,18.66666667,76,1019.2,0
144,0,2.6,2.7,13.45,22.66666667,64.5,1024.7,0
145,0,3.2,3.1,13.1,28.33333333,57.5,1022,0
146,0,0.8,5.6,11.725,12.66666667,78.5,1029.9,0
147,5.6,1.6,11.5,14.95,21.33333333,54.5,1023.6,0
148,0,14.6,12.8,30.525,26,36.5,1008.95,0
149,9.8,3,10.7,29.775,22.66666667,61.5,1010.15,0
150,0,2.4,4.2,16.225,25.33333333,75.5,1023.4,1
151,0.2,10.4,5.8,22.475,28.33333333,73.5,1009.55,1
152,0,2.4,4.4,10.95,24.33333333,66.5,1020.8,0
153,6.6,3.6,9.9,17.175,38,59.5,1026.05,0
154,0,19,13.3,33.425,27.33333333,35.5,1014.85,0
155,0,1.6,9.8,10.125,12.33333333,71.5,1015.7,0
156,9.4,0.8,2,23.075,20.66666667,58,1010,0
157,0.6,6.2,0,19.475,22.33333333,82.5,1016.95,1
158,0,11.4,13.2,21.975,34.33333333,52.5,1011.8,0
159,0,5.4,13.3,17.8,16,54,1019.85,0
160,0,3.4,12.9,13.5,25.33333333,66,1024.8,0
161,13.2,0.4,1.1,7.325,19.33333333,79.5,1023.45,0
162,0,19.6,8.7,24.4,20.33333333,36.5,1009.3,0
163,0,7.2,11.6,28.75,24.66666667,64.5,1011.45,0
164,0,11.2,2.4,25.425,38.66666667,60,1006.95,1
165,1.6,5.8,6.6,13.3,25,58.5,1021.55,0
166,0,11.6,7.4,26.85,42.66666667,42,1016.95,1
167,0,6.8,13,24.575,32.66666667,61.5,1011.2,0
168,0,9.4,0.6,21.225,29.66666667,81,1008.9,1
169,0,6.4,9.5,27.275,23.33333333,57,1014.95,1
170,2.8,1.4,8.5,13.125,12.33333333,72,1027.05,0
171,0,12,11.9,32.825,15.33333333,16,1009.25,0
172,2.8,2.6,4.3,18.5,21,61,1013.4,1
173,0,7.2,13.3,24.75,15,49.5,1010.1,0
174,0,2.4,5.8,5.5,18,70.5,1019.6,0
175,0,3.4,0.5,14.875,25.33333333,85,1012.7,0
176,0,22,13.3,36.35,38,10.5,1011.45,0
177,6,2.4,6.1,14.475,37.66666667,70,1022.7,1
178,0,10.6,5.4,25.025,28.33333333,36,1014.75,0
179,0,9.8,7.2,28.875,17.33333333,39,1015.3,0
180,5.8,1,7.4,8.7,25.33333333,75,1031.05,1
181,0,9.4,9.8,30.975,15.66666667,58,1011,0
182,0,7,7.4,30.65,20,65.5,1008.4,0
183,3.2,1.2,5.7,11.725,18,72,1012.4,0
184,0,5,10.9,19.45,18.66666667,58.5,1014.35,0
185,2.2,2.6,6,8.2,26.66666667,53.5,1014.3,1
186,2,3.2,7,13.025,31.66666667,53.5,1027.15,0
187,2.6,1.3,9,15.425,35,65.5,1013.45,0
188,0,6.8,10.8,26.025,19.33333333,44,1009.9,0
189,1,1.2,1.5,10.7,18,80.5,1026.25,0
190,2.4,2.8,0.2,16.475,12.66666667,73.5,1014.3,0
191,0,6,12.4,24.3,18.33333333,43.5,1016,0
192,0,5.8,6.2,15.75,34.66666667,63,1025.15,0
193,18,6.2,4.8,15.575,25.33333333,57,1022.6,0
194,0,2.8,8.4,20,39.33333333,43,1015.7,1
195,12,4.2,12,19.3,25.33333333,56.5,1015.45,0
196,0,9.8,12.8,25.8,17.66666667,18,1020.25,0
197,0.2,3,8.8,16.25,14.33333333,65,1015.15,0
198,0,8.8,0.4,26.125,21,51.5,1015.2,0
199,0,5.4,9,20.5,34,76.5,1019.05,0
200,0,5.4,10,16.775,18.33333333,40,1018.1,0
201,0,8,10.8,28.35,19,55,1014.95,0
202,0,6.6,12.8,25.6,16.66666667,44.5,1015.55,0
203,57.6,12.4,5.5,29.325,45.66666667,65.5,1010.6,1
204,0,9.4,5.5,28.025,30.33333333,32,1010.65,0
205,0,7,10.9,26.8,28.33333333,46.5,1014,0
206,0,1.8,2.4,11.55,28.33333333,56.5,1017.55,0
207,0,14,13,30,20.66666667,23.5,1002.75,0
208,0.2,5,10.7,18.65,23,51,1018.85,0
209,0,7.4,5.3,25.025,22.66666667,26,1002.05,0
210,0,3.2,10.7,19.475,26,59,1019.9,0
211,0,7.2,9.3,23.15,21.66666667,27,1015.35,0
212,0,5.6,12.3,17.1,20,52,1013.25,0
213,3.6,4,6.4,8.775,34.66666667,73.5,1012.7,1
214,11,1.2,8.4,21.05,16.66666667,78.5,1022.25,0
215,0,5.8,13.1,18.025,19.66666667,42,1018.5,0
216,6.4,11.4,1.6,20.275,23,95,1004.45,1
217,0,16.4,13,36.575,19.66666667,13.5,1013.1,0
218,0.4,2,4.9,9.125,17,85.5,1021.9,0
219,0,3,2.9,12.125,25.33333333,49.5,1017.1,0
220,0,7.2,8.3,25.425,28,56,1011.15,0
221,0.2,2.6,8.2,10.7,15.33333333,76.5,1017.15,0
222,0,9,7.9,27.2,24,59.5,1015.75,0
223,0,7,8.4,31.675,28.66666667,66.5,1004.65,0
224,0,7.6,10.9,30.1,21.33333333,66,1009.95,1
225,0,0.6,6,10.95,19,86,1032,0
226,0,11.6,0.4,21.925,25.33333333,83,1015,1
227,0,2.8,9,17.175,12.33333333,62.5,1023.25,0
228,0,3.8,9.5,17.55,23,69.5,1007.25,0
229,0,7.4,11.4,19.05,29.66666667,56,1016.85,0
230,0,4,2.3,13.225,34,59.5,1011.6,1
231,0,4.8,12,21.225,22.33333333,24,1020,0
232,0,1.2,2.5,6.775,20,82,1019.9,0
233,0,4.8,6.7,17.675,28.33333333,55.5,1025.8,0
234,2.4,5.2,5.9,19.9,31.66666667,66,1020.1,1
235,0.2,4,10.5,13.95,24,51.5,1021.4,0
236,0,3.2,5.9,14.2,18.66666667,67,1019.2,0
237,0,9.8,10.1,29.95,21.66666667,54,1005.8,0
238,7.2,3.2,6.3,28.625,27.33333333,80,1004.95,1
239,0,7,10.1,29.625,19.33333333,67.5,1015.25,0
240,0.4,6.8,11,12.525,36,66.5,1023.05,1
241,2.2,3.6,10.6,9.275,35,48,1034.9,0
242,0.8,3.8,4.2,10.875,21,80.5,1020.85,1
243,5.2,0.4,1.1,18.725,18.33333333,86.5,1004.55,0
244,0,3.6,7.6,15.75,14,71,1021.6,0
245,0.4,5.2,13,19.95,23.66666667,52,1015.25,0
246,0,6,10.9,19.05,21.33333333,39,1014.35,0
247,0,3.2,9.5,15.375,24,53,1031.75,0
248,0,8.6,11.2,29.65,22.66666667,46.5,1012.35,0
249,0,4,10.9,29.175,17.33333333,67.5,1011.05,0
250,0,3.4,9.3,14.25,18.33333333,61.5,1027.15,0
251,0,5.4,11,18.925,24.66666667,69,1017,0
252,3.4,1.4,9.4,15.3,41.33333333,57,1004.75,0
253,14.2,1.6,9.3,13.425,18,66.5,1019.6,0
254,1,2.8,11.6,14.85,26.66666667,42.5,1022,0
255,0,4.8,8.9,22.7,21.66666667,33,1015.45,0
256,0.2,3.2,10.4,13.9,14.33333333,48.5,1027.9,0
257,0,6,10.1,16.775,16.66666667,35,1009.9,0
258,0,5.2,10.2,23.725,24,63.5,1018.8,0
259,0,11.6,13.2,32.625,20,13.5,1010.1,0
260,0,4.8,10.4,15.05,16,36,1025.2,0
261,0,2.4,9.5,12.275,19.66666667,56.5,1025.75,0
262,0,3.2,1,14.1,17.33333333,59.5,1023.9,1
263,0,1.8,8.4,16.15,26.66666667,70,1006.8,0
264,0.4,5.4,1.3,28.7,27,81,1005.55,1
265,0,5.4,10.1,25.775,20.66666667,63,1015.35,0
266,0.4,5.4,10.3,22.825,20.66666667,67.5,1014.85,0
267,14.2,2.2,8.3,26.225,24.33333333,52,1019.45,0
268,3,3.2,6.7,21.75,29.66666667,65,1010.5,0
269,0.4,7.4,10.3,26.45,30,50.5,1017.5,0
270,0,9,12.7,23.725,26,49.5,1019.05,0
271,0,2,0,10.1,28.33333333,81,1018.95,1
272,0,3.8,6,10.925,26,58,1028.95,0
273,0,11.8,12,26.65,36.33333333,48.5,1018.05,0
274,1.6,4.8,7,22.975,21,84,1008.4,1
275,6.4,2.2,9.7,15.175,38.66666667,45.5,1008.7,0
276,0,3.8,9.1,23.05,20.66666667,40.5,1012.5,1
277,0,11,10.7,24.825,21,36,1014.75,0
278,0.2,2,10.3,11.825,10,68.5,1020.4,0
279,0.8,4.6,5.2,19.975,12.66666667,55.5,1012.15,1
280,4.4,2.6,3.5,11.825,32.66666667,62.5,1022.85,0
281,0,5.6,8,20.875,26.66666667,62.5,1017.05,0
282,0,9.8,12.4,26.25,28,51.5,1016.25,0
283,0,4,10.3,14.1,22.33333333,41,1027.15,0
284,0,8.6,5.2,26.575,27,42,1009.75,1
285,0,8.6,12.6,29.2,29,33,1006.9,0
286,0,3.4,5.9,16.75,8.333333333,66.5,1025.35,0
287,0,5,9.6,19.525,28,64,1018.1,0
288,0.6,5,4.7,29.275,18.33333333,70,1004.4,1
289,0,10,10.7,24.05,36.33333333,49.5,1020.65,0
290,4,5,2,25.9,28.66666667,87.5,1010.85,1
291,0,5.4,8.7,24.425,24,60,1014.65,0
292,0,3.6,10,14.25,16.66666667,58.5,1022.9,0
293,0.2,1.4,6.7,9.6,5.666666667,80.5,1025,0
294,0,6.4,6.7,30.775,28,59,1010.2,0
295,0,10,11.7,26.125,23,30.5,1022.1,0
296,0,6,11,26.6,16.66666667,61.5,1011.25,0
297,0.2,3,10.5,14.9,11.33333333,58.5,1022.05,0
298,0,0.4,10.4,10.875,18.66666667,78.5,1016.15,0
299,0.8,3,5.2,11.975,19,65,1015.85,0
300,0,11.8,12.3,28.975,19.33333333,43.5,1012.05,0
301,0.6,7.6,12.1,21.6,31.66666667,34,1009.1,0
302,17.4,7.8,0.5,18.575,33.33333333,67,1013.65,0
303,0,6.6,10.6,16.375,25.33333333,58,1023.15,0
304,0,13.4,13,27.675,37,28,1011.15,0
305,0.2,2.8,10.7,17.425,21.66666667,62.5,1015.4,0
306,4.4,5.2,10.8,14.075,26.33333333,41,1023.1,0
307,0,3,1.7,15.625,25.33333333,54,1015.1,1
308,4.6,4.4,8,16.85,26.66666667,64,1014.05,1
309,0,8,13.3,27.7,31,18,1013,0
310,0,3.2,10.4,15.175,14.66666667,54.5,1022.15,0
311,0,7.6,12.5,21.2,29,39,1011.3,1
312,0,14.4,9.2,30.95,22,10,1009.35,0
313,0,5.8,7,16.075,17.66666667,56,1009.85,1
314,0,11.2,3,25.65,18.66666667,47,1011.9,0
315,0,1,8.6,13.225,19.33333333,61,1024,0
316,10.8,1,6.1,15.5,20,75.5,1017.95,0
317,0,3.8,6.6,20.775,33.33333333,37.5,1009.85,0
318,0.4,8.8,9.8,21.65,22,54.5,1015.8,0
319,0,11.4,11.5,28.45,24.66666667,18.5,1008.3,0
320,11.4,8.4,4.3,12.475,64.33333333,70,1003.05,1
321,0,3.8,10.4,19.5,20,31.5,1020.9,0
322,0,4.4,9.7,16.35,16.33333333,61,1026.9,0
323,0,9.4,12.4,30,15,41.5,1007.4,0
324,0.4,8.2,8.3,22.5,48,48,1012.6,0
325,0,6.2,8.7,19.6,20.66666667,52,1020.45,0
326,0,5,8.5,21.45,23.33333333,79.5,1020.2,0
327,0,4,9.8,11.25,34.66666667,38,1019.3,0
328,1.6,1.2,9.1,14.7,27.33333333,68,1013.7,0
329,0,10,13,25.2,21,63,1007.8,0
330,0,6.4,10,16.6,35.33333333,43,1011.95,0
331,0,4,1.2,19.025,32.66666667,88,1012.6,1
332,0,1.8,0.2,11.95,18,63.5,1026.05,0
333,0.2,6.8,6.9,18.525,13.66666667,45,1021.05,0
334,0,3,10.6,15,32.33333333,55.5,1026.6,0
335,0,2.6,8.9,13.925,22.33333333,43,1026.55,0
336,0,10,11.9,25.7,32,53,1007.75,0
337,0,7.6,10.2,27.625,25.33333333,69,1012.85,1
338,0,10.6,9.8,21.875,25,40,1016.25,0
339,0.2,0.4,8.4,9.425,10.66666667,84,1025.4,0
340,0.2,3.6,8.1,25.875,37,68.5,1017.6,0
341,2.8,5,5.8,10.225,31.33333333,68.5,1023.1,0
342,0.2,0.4,10.3,15.075,39,63.5,1023.05,0
343,0,3.4,10.1,14.925,13.33333333,39.5,1010.2,0
344,0,4.6,6.1,20.025,20.66666667,67.5,1029.35,0
345,8.4,6.8,1.5,14.625,21.33333333,93,1008.75,1
346,0,4,10.3,21.95,20.66666667,60.5,1019.85,0
347,0,4.6,9.7,7.75,24.66666667,54,1020.75,0
348,0,2.2,9,12.025,19.66666667,67.5,1026.4,0
349,10.2,4.6,0.1,25.475,35.66666667,96,1002.85,1
350,0,4.8,7.3,20.25,18,49.5,1014.75,0
351,0.2,7,12.3,19.625,21.66666667,62,1018.7,0
352,0,6,9.8,14.025,32.66666667,37,1014.25,0
353,0,9.6,5.3,26.3,33.33333333,42,1011.7,1
354,0,5.8,10.3,22.2,26.66666667,31,1013.1,0
355,0,1.2,9.1,17.6,22,46,1020.75,1
356,0,4,8.1,16.025,16.66666667,53.5,1018.05,0
357,0,8,11.4,25.425,21.33333333,8,1013,0
358,0,6,10.9,24.325,21,45,1013.05,0
359,6.8,2.2,10.3,19.875,14.33333333,72,1014.6,0
360,6.2,3.6,3.4,12.6,31.66666667,68.5,1012.2,0
361,0,6,10.2,25.4,26.66666667,66.5,1018.75,0
362,0,9.4,14,21.2,29,36,1015.1,0
363,5.2,4.4,4.9,11.55,37.33333333,70,1002.9,1
364,0,8,13.1,25.525,23.33333333,52,1006.2,0
365,22,9.4,0.4,26.5,17,85,1009.2,1
366,0.2,3.2,6.2,15.75,19.66666667,74,1021.5,0
367,0,6.6,9.9,17.35,34.66666667,55,1016.4,0
368,0,4.2,11.9,22.05,15.33333333,53,1004.65,0
369,0,1.4,8.6,10.125,30.33333333,59,1019.6,0
370,0,5,4.7,29.1,20.33333333,65.5,1010.1,1
371,1.4,2.6,3.2,11.25,19.66666667,78.5,1024.05,0
372,0,7.6,6.5,22.825,39,52,1017.6,0
373,0,7.6,12.3,25.375,19.33333333,47.5,1015.4,0
374,0,7.6,12,19.975,49.66666667,65,1008.05,0
375,0,2.8,6.4,27.15,22.66666667,67,1014.8,0
376,0,8.2,11.9,25.2,19.66666667,37.5,1019.4,0
377,0,3.6,7.1,16.5,15.33333333,62.5,1010.65,0
378,0,3.6,11,23.475,22,51.5,1013.5,0
379,0,5.4,10.9,25.2,19,63,1017.8,0
380,0,2.6,7.8,7.85,19,58,1027.3,0
381,0,9.4,7.9,19.375,25.33333333,13,1019.9,0
382,0,8,12.8,18.575,31.33333333,54.5,1021.95,0
383,0,0.4,6.9,20.05,13,66,1020.9,0
384,0,5.4,3.5,16.325,18.66666667,53,1026.2,0
385,13.4,3,3.1,28.7,26.66666667,76,1005.6,1
386,0,4.4,8.5,22.8,27.66666667,76.5,1016.25,0
387,0,1.8,9.2,18.9,21.33333333,44,1024.65,0
388,0,6.8,0.7,25.95,19,71.5,1014.7,0
389,0.4,4.4,9,16.4,26.66666667,64,1017.25,1
390,0,7.6,9.1,23.625,16.33333333,59,1019.15,0
391,7.8,7.2,3.7,28.425,23,73,1006.85,1
392,0,2.4,9.2,16.875,18,48,1023.35,0
393,0,2.8,9.5,15.675,14.33333333,49,1025.45,0
394,0,4.8,7.7,15.1,30,46.5,1007.5,0
395,0.2,0.4,9.1,8.675,15,75,1027.05,0
396,0,21.2,8.3,17.125,37,32.5,1019.25,0
397,0.2,6.4,11,23.025,20.33333333,63.5,1019.45,0
398,0,5.4,1.8,16.975,22,58,1016.15,1
399,16.2,5.2,6.4,17.5,18.33333333,65,1027.1,0
400,0,10.8,13.2,30.65,19.66666667,26,1014.9,0
401,0,9,9.5,27.025,27.66666667,50.5,1013.2,0
402,0,5.7,12.6,25.65,26,41.5,1008.95,0
403,0,2.8,10.1,14.35,10,46.5,1021.95,0
404,7.2,0.2,1,12.525,13.33333333,91,1004.35,1
405,0,7.2,10.3,27.475,24,63.5,1012.9,0
406,5,6.6,6.9,18.825,40.33333333,46,1002.1,1
407,0,6.8,11.5,29.975,22.33333333,60,1011.65,0
408,0,2.8,4.3,16.825,26.33333333,53.5,1014.9,0
409,0,12,11.8,22.175,41.33333333,47.5,1012.9,0
410,6,3.8,7.8,17.1,27.33333333,73.5,1006.65,1
411,1.6,2.6,0,23,13,88.5,1011.1,1
412,29.6,1.6,0,9.725,30.33333333,86,998.2,1
413,0,9.4,11.3,26.825,21.66666667,54,1010.25,0
414,0,9.2,2.2,22.8,28.33333333,64.5,1017.55,0
415,13,3,7.3,27.75,19.33333333,75,1008.85,0
416,0.6,4.6,4.6,27.175,16.66666667,77.5,1010.55,1
417,0,3.6,9.7,18.575,32.66666667,41.5,1008.1,1
418,0,11,6.4,32.35,28.66666667,9.5,1006.25,0
419,0,5.6,6.1,19.125,25.33333333,51,1024.75,0
420,0,2,7.8,11.8,20,57,1025.45,0
421,19.4,5.2,10,28.525,18.33333333,71,1000.05,0
422,0.6,6.8,10,29.8,30.33333333,56.5,1009.4,0
423,5.6,2.4,10.9,27.1,21.66666667,58.5,1009.25,0
424,0,14.4,9.8,36.45,17.66666667,14.5,1010.5,0
425,0,6,11.2,23.25,36.33333333,74,1016.55,0
426,0.6,1.2,7.3,10.9,18,76,1020.55,0
427,0,4,10.1,25.1,25,43.5,1016.6,0
428,0,1,1.3,8.125,29,86.5,1015.5,1
429,0,5.4,6.9,20.425,30.66666667,43,1013.05,0
430,0,5.6,10.8,24.925,26.66666667,51.5,1014.7,0
431,0,11.6,0.6,31.725,18,35,1007.6,0
432,2.6,1,8.3,11.8,23,77,1018.9,0
433,0,7.8,4.7,19.375,43.33333333,53.5,1012.2,1
434,0,10.8,9.8,32.975,27.66666667,29,1003.6,0
435,0,6.4,9.6,27.8,19.66666667,56,1012.45,0
436,0.2,2.8,10.3,9.75,29.66666667,54,1027.6,0
437,0,4.2,5.2,28.95,24.33333333,62.5,1010.45,0
438,0,6,11.5,23.55,25.66666667,73.5,1018.7,0
439,0,11.3,12.9,28.3,29,20,1005.45,0
440,0,9.8,3.4,26.85,32.66666667,27.5,1013.1,0
441,0,3.6,7.5,16.25,29,40.5,1021.05,0
442,0,6.6,6.7,25.4,37,63.5,1008.75,0
443,0,10.4,9.6,25.1,17.33333333,61.5,1015,0
444,23.2,3,6.7,9.6,47.33333333,56.5,997.75,0
445,0,5.2,13.3,15.075,23.33333333,66,1018.7,0
446,0,8,9.7,29.825,26,56.5,1012.2,0
447,0,9.6,9.1,25.275,21,25,1010.95,0
448,17.8,2.8,9.5,19.375,28.33333333,72,1012.8,0
449,0,1.8,1.8,10.9,13.33333333,76,1014.65,1
450,2,7.6,0.9,20.675,29.33333333,65,1025,1
451,1.2,3.6,8.4,20.275,34.66666667,62,1013.05,1
452,0,0.8,7.5,15.125,25,87.5,1024.4,0
453,6.6,1.8,1.5,24.45,31.66666667,86,1006.95,1
454,0,8.2,13.1,20.275,22,44,1014.1,0
455,5.4,3,5.9,21.75,9.333333333,63,1018.3,0
456,0,8.8,12.8,25.225,25.33333333,36,1018.95,0
457,0,2,10.7,11.125,13.66666667,64,1034.9,0
458,0,4,10.9,15.575,32,48.5,1018.6,0
459,0,5,10.2,19.425,42,37.5,1010.05,0
460,0,2.2,9.1,10.1,16,52.5,1031.5,0
461,0,3.8,10.9,16.3,23.33333333,34.5,1021.7,0
462,0,12,10,25.425,20.66666667,25,1014.2,0
463,0,4.2,10.4,19,22.66666667,51,1032.6,0
464,0,6.6,5,21.875,21.66666667,74.5,1014.5,0
465,0,6.6,10.8,20.525,30,55,1012.55,0
466,6.4,8,7.9,23.65,43.33333333,80.5,1012.05,1
467,0,8,4.1,26.3,19,62.5,1018.6,0
468,0,7.2,4.5,24.525,24.66666667,63.5,1016.15,0
469,0,7.8,12.5,22.55,27.66666667,55,1014.1,0
470,0,6.2,10.8,27.325,25,52.5,1013.5,0
471,0,6,11.3,15.05,17,39.5,1021.8,1
472,0.4,4,9,17.2,19.66666667,65,1021.1,0
473,0,9.4,11.7,26.25,21,43.5,1016.5,0
474,0,3.4,2.7,10.4,15.33333333,64,1012.3,0
475,17.6,1.2,6.4,12.875,17.33333333,80.5,1032.95,0
476,0,4,7.3,17.7,17.33333333,59,1022.9,0
477,0,3.4,1.5,16.525,17,30.5,1018.2,0
478,0,10.8,7.2,28.925,19,40.5,1004.6,0
479,0,1.4,4.6,16.8,12.66666667,48,1020.8,0
480,8.6,8.6,12.4,29.525,25.33333333,34.5,1008.45,0
481,5.4,5,8,29.75,34,75,1008.15,1
482,7.8,2.2,4.6,9.075,27,80.5,1019,1
483,0,3.2,10.2,11.1,18.66666667,51,1023.85,0
484,0,6.6,10.1,21.55,38.33333333,60,1014,0
485,1,4,9.3,15.95,33.33333333,56.5,1018.6,0
486,0,4.4,10.9,18.775,21.33333333,56,1023.75,0
487,0,11,11.4,28.225,19.33333333,23,1022.2,0
488,0,0.6,7.9,8.125,13,74.5,1031.5,0
489,12.6,1.4,5.4,17.025,17.33333333,91,1011.15,0
490,0,7.2,11.7,23.725,23,38,1017.65,0
491,1,5.8,8.5,17.8,26,48.5,1015.9,0
492,0,14.8,4.9,30,39.66666667,36,1013.45,0
493,0,3.6,2.4,23.075,25.66666667,84.5,1016.9,0
494,0,7.8,11.1,25.375,28.33333333,49.5,1013.9,0
495,0,2.8,3.2,12.65,15.66666667,75.5,1018.9,1
496,0,1.8,9.5,17.05,20.33333333,54.5,1021.3,0
497,0,9.2,8.3,20.325,26,73,1009.7,0
498,0,4.6,9.9,15.325,12.33333333,34,1019.5,0
499,0,13.4,13.1,27.725,41.33333333,22.5,1005.5,1
500,0.2,6.8,9.3,28.75,31.66666667,38,995.5,1
501,0,14.6,12.8,21.8,25.66666667,37,1014.9,0
502,0,6.8,11.7,19.85,29.66666667,52,1022.3,0
503,0,16,10.4,31.4,24.66666667,22,1009.5,0
504,0,10.4,2.7,22.5,29.66666667,56,1020.55,0
505,0.2,1.2,3.8,12.8,23.66666667,72,1022.2,0
506,0,1.6,9.4,9.8,29.33333333,66.5,1020.2,0
507,0.2,8.6,6,15.725,28.66666667,56.5,991.45,0
508,0,2.4,0.5,14.15,12.66666667,88.5,1012.1,1
509,0,3,10.3,19.925,13,61,1015.5,0
510,0,6.6,12.3,26.85,23.33333333,53.5,1013,0
511,0,7.2,12.4,19.575,19.66666667,47.5,1017.7,0
512,0,3,8.5,16.85,15.33333333,67.5,1024,0
513,0.2,6,9.8,28.1,14.66666667,65,1015.5,0
514,0.8,1.8,0.1,12.525,20,87,1030.3,1
515,0,1.6,2.1,13.05,24.66666667,71.5,1025.95,0
516,0,3.6,11.8,29.45,18,72.5,1009.55,1
517,0,2.8,5.1,14.875,20.33333333,65.5,1023.65,0
518,0,8,10.5,29.15,27.33333333,62,1005.85,0
519,0,0.6,8.1,9.45,14.33333333,78,1026.9,0
520,0,7.2,9.4,27.875,21.33333333,59.5,1013.05,0
521,0,2,9.7,16.95,12.33333333,64,1023.55,0
522,0,4.8,11.2,14.225,18.66666667,36.5,1026.5,0
523,0,6.8,10.2,19.025,16.66666667,55,1018.2,0
524,0,4,10.3,15.125,21,39,1016.75,0
525,0,2.8,10,17.325,10.66666667,63.5,1018.8,0
526,7.2,3.6,0.8,26.875,23.66666667,88.5,1007.6,1
527,0.6,5.2,7.3,23.275,26,64.5,1016.05,1
528,0,18,11,33.275,46,15,1007.15,0
529,0,5,7.2,9.775,53.66666667,46,999.05,1
530,0,10,9.7,22.95,35.33333333,78,1010.45,0
531,0,10.2,10,26.875,32.33333333,10,1011.95,0
532,31.8,6.8,0,18.7,38.33333333,85.5,1015.3,1
533,0,7.2,13.1,20.65,25.33333333,39.5,1007.5,0
534,0,3.8,10.4,12.975,17.33333333,30.5,1020.3,0
535,2.4,5.4,7.3,23.8,21.66666667,57.5,1009.45,0
536,3.2,2.8,3.2,15.4,16,84.5,1012.1,1
537,6.2,3,1.4,25.825,16.33333333,84.5,1010.45,1
538,0,5.6,10.4,24.2,30.33333333,55.5,1011.75,0
539,0,8,11.5,24.9,26.66666667,52,1009.2,0
540,0,18.6,10,25.825,24.66666667,30.5,1009.6,0
541,0,5.2,11.7,20.825,23.33333333,54.5,1013.85,0
542,0.2,2.4,9.3,12.7,17.33333333,64,1024.9,0
543,2.8,6.4,11.2,27.025,20,63.5,1012.1,0
544,0,9.6,7.8,25.175,26.66666667,60,1004.35,0
545,0,6.6,9,31.675,29,64.5,1008.25,0
546,0,6,10.9,16.675,35.33333333,46,1013.3,0
547,0,4,9,18.7,21,40,1019.55,0
548,0,4.4,7.4,24.925,20,78,1015.3,0
549,0,9,11.3,28.225,24.66666667,60,1014.85,0
550,0,5.4,11.1,23.075,23.33333333,34.5,1012.5,0
551,0,0.4,1.7,14.5,27.66666667,75.5,999.35,1
552,0,10.2,13.5,27.55,27,27,1013.95,0
553,0,5,9,24.175,28,63,1015.75,0
554,0.2,0.8,1.3,4.95,17.33333333,99,1028.1,0
555,0.4,4.4,10,17.275,21.33333333,54.5,1013.95,0
556,0,2.6,8.3,19.175,28.66666667,57.5,1027.9,0
557,0,2.8,11.1,8.85,17.33333333,59.5,1028.25,0
558,0.2,3.2,9,11.675,37,55,1017.25,0
559,0,4.8,8.1,13.25,14.66666667,58.5,1019.8,0
560,3.4,6.8,11.2,11.425,22.33333333,55,1017.05,0
561,5.8,2,1.7,9.325,29.66666667,75.5,1017.95,0
562,0,2.8,3,12.875,32.66666667,60,1009.45,0
563,3,1.2,0,12.525,13.33333333,88.5,1015.1,0
564,0,7.8,12.3,23.6,28.33333333,39.5,1012.95,0
565,0,4,11.6,11.775,15.33333333,46,1027.15,0
566,6.2,1,0.1,13.325,19.66666667,94,1007.8,1
567,0,3.2,7.2,13.625,22,57.5,1015.1,1
568,0,12.2,11.3,29.075,35.33333333,44,1007.4,0
569,0,7,8.4,30.175,30.33333333,60,1007.7,1
570,2,0.6,6,14.925,21,60.5,1024.35,0
571,0,7.4,11.2,24.325,22.66666667,39,1014.75,0
572,0,2,8.3,13.05,40.33333333,37,1006.85,0
573,0,2.2,5.8,19.125,30.33333333,54.5,1011.55,0
574,0.2,6.4,6.2,29.325,30,72,1007.25,1
575,1.8,2.4,8,10.875,34,59.5,1013.25,1
576,0,9,10.5,26.75,40.33333333,34.5,1020.1,0
577,0,1.4,2.7,6.15,22.33333333,73.5,1019.7,0
578,0,8.6,12.2,29.1,27.33333333,53.5,1014,0
579,0.2,5.6,12.5,12.325,15,62.5,1018.95,0
580,0,5,9.6,16.725,9.333333333,45.5,1017.3,0
581,0,4,10.8,20.675,26.66666667,28.5,1017.8,0
582,0,10.6,12.4,29.05,20.33333333,42,1017.8,0
583,0.2,0.6,0,8.35,12.66666667,86,1017.8,0
584,0,1.8,0.2,13.9,14.33333333,71.5,1027.6,0
585,0,7.2,10.2,24.075,28,51,1015,0
586,0,0.6,7.7,8.175,25,56.5,1016.4,0
587,0,1.2,0.2,11.575,22,77.5,1019.55,0
588,109.6,3.2,1,25.725,21.33333333,92,1007.85,1
589,0.4,1.2,8.6,10.375,15.33333333,73,1026.45,0
590,0,9.4,9.8,29.25,32.33333333,23,1004.4,1
591,0,3.6,11,12.8,22.33333333,66,1020.9,0
592,0,6.4,10.8,31.05,18,59,1010.7,0
593,56,7,10.8,25.575,17.66666667,64,1016.4,0
594,0,5.6,11.8,21.9,22.66666667,60,1023.85,0
595,7.2,2.4,2.9,23.225,22.66666667,84.5,1006.7,0
596,0,11.6,12.8,28.3,20.33333333,34.5,1019.3,0
597,0.6,5.4,5.8,22.375,28.33333333,92,1009.65,0
598,0.2,7,8.5,24.05,22.33333333,66,1015,1
599,10,2.4,10,15.775,22,68,1019.3,0
600,0,4.8,9.6,20.65,17.66666667,60,1018.3,0
601,20,7,5.3,26.925,12.66666667,80,1007.85,0
602,0,8,11.7,26.525,17,32.5,1014.95,0
603,0.2,10.2,0.1,20.225,22.33333333,59,1019.05,1
604,0,5.8,7.9,15.375,50.66666667,53,999.6,1
605,0,5.6,10.1,15.575,17.33333333,49,1020.45,0
606,0,7,9.4,16.4,44.66666667,45,1009.6,0
607,0,6.4,11,23.5,24,60.5,1019.35,0
608,0,5.6,6,18.125,20.66666667,60.5,1017.3,0
609,0.6,3,0.6,15.45,18,87,1025.1,0
610,0,14.2,12.5,24.8,30.66666667,29,1015.2,0
611,0.6,0.8,7.7,7.65,22,79,1022,0
612,0,3.4,6.3,12.5,16,57,1020.15,0
613,0,9.6,6.8,30.6,25.66666667,72.5,1008.9,0
614,0,4.2,8.1,14.6,36.66666667,54.5,1021.15,0
615,0,7.4,10.3,22.125,24.66666667,28,1014.75,0
616,0,10.4,11.7,22.475,24.66666667,44.5,1019.15,0
617,0,8.8,4.4,19.475,23.33333333,73.5,1009.8,0
618,34.4,4.2,0.1,17.875,46.33333333,95.5,979.75,1
619,0.2,5.8,6.9,13.575,34,56,1012.7,0
620,0.6,2,6.1,13.75,18.33333333,79,1017.85,0
621,0,2.8,9.4,12.225,17.33333333,63,1028.65,0
622,0,4.8,11.1,30.1,14.33333333,64,1010.6,0
623,0,2.8,7.9,14.325,24,39.5,1014.65,0
624,0,3,1.5,16.1,24.33333333,63,1029.65,0
625,0.2,2,3.6,13.5,18,68,1020.3,0
626,0,13.4,10.4,19.475,43.66666667,40,1020.1,0
627,0,6.4,10.9,22.425,25.33333333,39.5,1016.75,0
628,0,2.6,3.9,7.225,29,66,1013.5,1
629,29.4,5.6,6.1,27.75,20,74,1006.7,0
630,0,4,3.1,18.925,15.66666667,69,1021.95,0
631,0.2,5.4,12.7,18.325,25.66666667,46,1012.25,0
632,1.6,8.2,9.7,28.125,26.66666667,54,1004.35,0
633,0,8.6,11,26.625,24,40,1008.5,0
634,0,9.2,5.7,19.05,33,48,1025.15,0
635,0,3.4,12.4,13.575,21.66666667,56,1022.05,0
636,0,6,9.3,17.675,31.66666667,55,1015.55,0
637,0,8,12.9,27.375,16,50.5,1015.2,0
638,0,4,10.3,19.3,15.66666667,58,1018.6,0
639,0,0.4,6.7,9.8,17.66666667,71,1027.7,0
640,0,2.8,0.8,13.875,31,52,1017.85,1
641,0,5.2,4.3,21.4,23,70,1017,0
642,0,22.6,13.2,22.225,21.33333333,54,1018.9,0
643,0,4.8,11.3,13.425,18.66666667,42.5,1015.7,0
644,22.2,3.8,0.1,27.175,34.33333333,79.5,1004.2,1
645,2,5.8,7.7,21.775,35.66666667,57.5,1014.4,0
646,0,13.4,11.2,18.35,26,36.5,1025.45,0
647,0.4,6.8,10.2,27.225,31.66666667,55.5,1010.5,0
648,0,9,3.6,25.225,19,61.5,1016.9,1
649,0,2.2,0.7,12.925,27,66.5,1014.45,1
650,0.8,1.4,3.9,15.25,22,55,1016.6,1
651,0,14.4,13.6,24.675,21,31,1016.35,0
652,0,1.2,5.9,21,16.33333333,72.5,1020.45,1
653,0,6.2,2.7,19.6,22.33333333,66.5,1022.05,0
654,0,4.4,10.4,13,23.33333333,28,1024.95,0
655,0,7.4,2.9,21.9,23,64.5,1013.1,0
656,11.6,2,3.5,26.675,20.66666667,90.5,1009.35,1
657,0,1,4.8,10.325,7,84.5,1025.25,0
658,0,13.8,13,26.375,32.33333333,15.5,1007.15,0
659,0,6.6,11.9,21.55,18.33333333,54.5,1020.1,0
660,0,14.8,13.4,26.075,28.66666667,28,1011.65,0
661,0.8,2.8,10.4,12.225,19.66666667,61,1024.95,0
662,1.6,4.8,5.7,18.4,32,50.5,1025.15,0
663,0,7.4,11.1,18.05,30.66666667,17,1023.25,0
664,0.2,4,8.7,11.525,29.66666667,65.5,1023.15,0
665,6.6,4,0.3,27.05,13,88,1000.4,1
666,10,0.8,8.3,15.75,9.666666667,74,1022.05,0
667,0,6.6,11.2,22.575,17,20.5,1019.95,0
668,5.4,2.6,8.1,11.175,29.66666667,70.5,1019.55,1
669,0,5.6,10.9,27.4,27.66666667,45.5,1015.65,0
670,0,5.8,11.2,21.15,17,56,1018.6,0
671,1.4,3.8,3.7,12.8,27.66666667,88.5,1017.3,0
672,0.8,2.8,2.9,10.175,22.66666667,90.5,1024.55,0
673,2,2.2,5.9,16.1,36,52,1018.45,0
674,0,8.4,4.6,25.125,22.33333333,35,1013.55,0
675,16,3.4,6.2,24.825,24.66666667,76.5,1011.4,0
676,0,5.2,11.1,17.125,24,55.5,1023.9,0
677,0,6.2,7,24.775,38.66666667,75,1019.3,0
678,0,6,10.7,26.6,26.33333333,63,1012.35,0
679,0,18.6,10.9,31.7,24.66666667,14,1000.55,0
680,0.2,3.8,8.2,16.625,24.66666667,60.5,1021.65,0
681,0.2,1.8,3.2,12.95,22.66666667,81,1032.65,1
682,0,4.4,10.5,14.775,19.66666667,36,1024.2,0
683,7.8,2.6,2.1,12.025,26,80.5,1008.05,1
684,0,3,6.8,13.5,52,63.5,1015.3,1
685,5.4,5.2,5.5,27.7,29.33333333,70,1009.15,0
686,0,1.6,7.6,14.425,31.33333333,53.5,1017.05,1
687,0.6,2.8,8.3,16.4,40.66666667,81,1018.4,1
688,0,10,3.3,17.975,20.33333333,78.5,1018.65,0
689,0,5.8,11.2,23.15,14.33333333,45,1016.75,0
690,0,6.7,10.4,13.75,34,41.5,1028.4,0
691,0,17,13.2,29.55,57.33333333,34.5,1009.45,0
692,0.2,4,3.9,15,27,51,1019,0
693,0,6.4,4.4,17.55,31,62.5,1021.35,0
694,11,7.8,3.4,27.175,13.33333333,68.5,1011.85,1
695,0.8,2.4,10.4,13.275,37.66666667,40,1010.35,0
696,0,7.4,9.6,27.475,28.66666667,39.5,1011.7,0
697,0,28,7,20.05,32.66666667,59,1022.4,0
698,7.4,1.8,4.6,18.725,19.33333333,80.5,1021.4,0
699,0,2.6,4,11.75,19.33333333,67.5,1017.5,0
700,0,8.4,11.5,25.425,29.66666667,11.5,1026.5,0
701,0,1.6,9.9,26.875,32.66666667,70.5,1010.4,0
702,0,9,10.7,24.625,27.66666667,60.5,1012.8,0
703,5,12,3.1,17.025,20.33333333,65,1017.05,0
704,0,7.6,11.4,16.475,21,17,1020.2,0
705,0,7.4,9.7,28,58.66666667,18,1002.55,0
706,0,8.4,11.3,24.975,40.33333333,33.5,1018.2,0
707,0,5,1.3,19.05,12.33333333,78.5,1011.1,0
708,0.2,8,10.3,27.8,23.66666667,57,1011.85,0
709,0,1.4,6.5,9.05,10.66666667,73.5,1025.95,0
710,0,5.6,3,26.6,30.33333333,64,1011.35,0
711,0,4.8,8.8,17.7,21.66666667,72,1017.5,0
712,0.2,3.2,0.1,15.425,16.66666667,72,1024.3,0
713,0,14,11.6,24.575,33.33333333,19,1017.5,0
714,0,5.4,7.5,21.675,18.33333333,58.5,1012.6,0
715,12.6,4.2,11.1,29.7,18.66666667,68.5,1006.5,0
716,0.2,2.2,8.7,11.025,37.66666667,59,1019.1,0
717,0,1.6,9,11.725,12.33333333,58,1023.65,0
718,0,1,0,12.675,11.66666667,96.5,1012.95,0
719,0,0.6,6.6,7.175,14.66666667,68.5,1028.95,0
720,0,5.2,5.8,23,26,56.5,1015.5,1
721,0.2,3.6,4.6,13.225,15.66666667,52,1016.65,0
722,5.8,6.4,12.4,24.275,18.66666667,49,1007.25,0
723,0,3.2,5.8,16,14,50.5,1022.7,0
724,0,16.4,11,29.55,40,33.5,1009.55,0
725,0,3,10.4,20.1,19.66666667,49,1022.6,0
726,2.4,2.2,7.5,17.2,13,73.5,1017.7,0
727,0,6.2,10.3,17.7,21,42,1021.7,0
728,0,11,13.1,28.15,15.66666667,36,1015.25,0
729,4.8,2.6,8.7,18.275,29,61.5,1015.35,0
730,0,3.4,13.6,16.75,16.33333333,56.5,1017.7,0
731,0,7.8,10.2,18.325,26,34.5,1021.3,0
732,0,1.6,8.8,14.375,24.66666667,55.5,1012.55,0
733,0,5.8,8.4,16.35,42,33,1008.05,0
734,0,8.2,9.9,25.425,24.33333333,57,1014.2,0
735,5,4.8,2.4,21.125,19.66666667,64.5,1017.9,1
736,0.8,2.8,9.5,18.325,19.33333333,56,1023.95,0
737,1.2,0.8,3,14.75,17.66666667,65.5,1013.55,1
738,0,10,7.9,21.375,26.66666667,60,1012.95,0
739,0,7.6,4.1,13.4,49.66666667,57,993.9,1
740,0,3.8,10.6,20.975,12.33333333,41.5,1016.45,0
741,0,1,0.8,11.45,15.33333333,69.5,1018.9,1
742,0,7,2.5,25.325,28,78.5,1015.3,1
743,0,8,10.5,24.525,22,48.5,1017.55,0
744,0,4.6,6.6,17.525,51,36.5,999.6,0
745,9,2.6,7.6,15.975,10.33333333,79,1016.75,0
746,0,5.8,7.7,22.575,16,71,1013.95,0
747,14.2,4,10.2,14.35,10,58.5,1021.05,0
748,3.2,2,0.9,11.4,28.33333333,75,1024.95,0
749,26.6,3.4,0,22.375,24,91.5,1017.55,1
750,0,1.8,4.6,14.65,17.33333333,74.5,1017.1,0
751,0,8.2,10.7,17.9,40,52,1029.2,0
752,12.4,9.4,8.9,27.75,38.33333333,61,1011.05,1
753,0,13.8,12.2,28.75,25,29,1017.6,0
754,0,11,13.1,23.025,24.66666667,44.5,1012.1,0
755,0,1.2,0.1,15.525,14.66666667,74.5,1021.5,0
756,0,8.8,10.9,25.75,19.66666667,58.5,1013.4,0
757,0,11,9.5,20.15,29.66666667,53.5,1023.65,0
758,0,0.4,3.5,12.075,28,71.5,1009.75,0
759,0,8,12,25.725,24.66666667,56,1015.5,0
760,0,4.4,13,16.875,23.33333333,53,1020.85,0
761,0,4.8,10.4,13.7,12.33333333,27.5,1022.6,0
762,0,4.2,10,15.8,25.33333333,45.5,1019.05,0
763,5.6,5.4,7.3,28.65,21.33333333,70,1007.25,0
764,0,7.2,10.6,22.375,22.66666667,37.5,1017.45,0
765,0.6,4.6,2.4,14.475,25,64,1015.45,0
766,0,3.8,9.2,13.7,22.33333333,47.5,1021.5,0
767,0,14.4,10.9,22.9,19.66666667,51.5,1008.2,0
768,0.2,1.4,7.7,7.225,16,67.5,1013,0
769,0,7.2,11.1,18.775,20,58,1020.55,0
770,0,6,8.8,16.1,21.33333333,53.5,1012.55,0
771,0,4.8,9.3,18.325,19,68.5,1025,0
772,0,3.2,10.8,16.875,37.33333333,48.5,1017.6,0
773,0,3.6,10.2,23.85,18.33333333,47.5,1011.35,0
774,6.2,2.8,0.5,15.75,26,74,1019.25,0
775,0.8,1.6,3.1,11.95,19,72.5,1008.4,0
776,11.4,6.8,7.1,16.375,26.66666667,88,1003,1
777,0,5.4,8.4,16.9,34,54,1025.05,0
778,0,7.8,9.7,29.2,22.66666667,53,1011.45,0
779,0,6.2,10.5,14.625,26,43,1022.25,0
780,0,13.4,0.3,20.625,47.66666667,72,1021.85,1
781,0,12,10.2,28.475,19.33333333,17.5,1014.5,0
782,0,2.6,5.9,11.725,16.66666667,60.5,1014.85,0
783,0,7,11,22.05,32,49.5,1020.35,0
784,1,5.8,6.6,20.85,27.66666667,49.5,1017.1,0
785,0.6,1,9.4,9.625,14,77,1025.55,0
786,10.2,4.4,0.2,15,33.33333333,93.5,1014.2,1
787,0,7.2,11,24.9,18.66666667,56,1007.75,0
788,0,4.8,10.6,22.6,35,25,1014.4,0
789,0,6,6.2,17.925,26.33333333,56,1020.25,0
790,0,3.6,6.8,17.775,16,56.5,1014.5,0
791,0,1.6,7.8,12.05,15.33333333,61,1030.7,0
792,0,9.4,11.7,25.05,17.33333333,46,1014.4,0
793,0,2.2,9.3,13,11,63,1016.95,0
794,0,4,10,19.075,13.66666667,59.5,1016.3,0
795,0,10.4,11.5,25.75,22.66666667,27.5,1011.15,0
796,0,3.8,6.9,10.675,14,52,1024.85,0
797,0.2,3.4,1.9,21.4,14.66666667,61,1013.75,0
798,0,5.8,8.4,28.3,16,73.5,1009.35,0
799,0.2,5.2,4.6,23.175,35.66666667,64.5,1014.65,0
800,0,5.4,11,18.75,25,39,1024.65,0
801,0.2,2.8,8.4,19.175,28,75,1011.75,0
802,0,14.4,13.2,31.875,33,12,1005.95,0
803,0,7.6,13.2,26,46,53.5,1012.15,0
804,0,4,10,15.1,16,66.5,1022.45,0
805,0,9.6,10.7,21.275,16.66666667,72,1019,0
806,0.2,0.8,3.8,6.95,19,72,1024.85,0
807,0,4.2,10.4,17.7,19,70,1018.4,0
808,0,6.4,1.9,20.65,36.66666667,62,1016.55,0
809,0.2,4.2,9.2,16.85,35.33333333,63.5,1016.15,1
810,0,5.6,7.5,21.6,22.33333333,59,1017.15,0
811,0,5.6,10,26.15,21,69.5,1012.8,0
812,0,7.2,2.4,26.8,33.33333333,72,1012.25,0
813,0,8,7.7,23.25,37.66666667,33.5,1020.3,0
814,0.6,1.4,0.3,9.125,22.33333333,66.5,1022.7,0
815,0,12.8,13.3,27.3,45,28,1014.25,0
816,0,13,8.2,31.125,23.33333333,32,1016.1,0
817,0,7.6,12.6,26.325,14.33333333,37,1008.8,0
818,1,2.6,5.2,14.9,19,61.5,1027.3,0
819,5.4,8.6,1.9,25.95,26,72,1009.75,1
820,0,2.2,7.2,10.825,13,65.5,1031.65,0
821,1.2,5.4,1.6,14.025,38,82.5,1006.95,1
822,1.2,1.8,10,18.5,11.33333333,65,1022.05,0
823,5.8,1,3.3,13.3,17.33333333,90.5,1028.7,1
824,1.2,0.8,1.3,7.325,13,84,1032.4,0
825,13.4,4.4,12.2,15.2,23.66666667,52.5,1016.35,0
826,0,12,11.2,29.8,18,12.5,1015,0
827,0,3.4,10.7,16,13.33333333,49,1025.65,0
828,0,6.6,10.6,27.95,30.66666667,38.5,1013.3,0
829,0,1,9.4,12.675,16.66666667,71.5,1027,0
830,0,9.2,12.8,21.5,23.66666667,34,1017.8,0
831,0,2.4,4.5,16.4,20.33333333,65.5,1029.2,0
832,13,4,1.3,14.95,28.66666667,81,1009.2,1
833,0,11.8,4.8,31.8,32.33333333,47,1008.9,1
834,3,15.6,5.4,10.05,16.66666667,78.5,1019.2,0
835,0,5.6,12.6,18.45,19,64,1017.75,0
836,0,7.8,10.8,24.375,33.33333333,36.5,1013.7,0
837,0,3.8,13.2,16.925,25,41,1019.75,0
838,0,1.2,9,11.775,15.33333333,72.5,1025.15,0
839,0.4,0.6,0.9,10.95,43.33333333,80.5,1021.75,1
840,0,8,11.4,27.1,24,99.5,1012.85,0
841,0,8,12.7,22.3,22.33333333,51,1012.75,0
842,19.8,4,7.2,16.55,36,47,1023.75,0
843,0,3.4,3.7,27.5,29,69,1010.1,1
844,0,2,9.4,11,14.33333333,50.5,1014.9,0
845,1.2,4.2,7.4,20.275,17.66666667,66.5,1017.4,1
846,0,7.2,8.8,30.375,21,58.5,1007.45,0
847,0,7.6,11.8,25.225,18,43.5,1017.1,0
848,0,12.4,12.5,20.775,20.33333333,29.5,1014.1,0
849,2.4,2.4,5.4,15.575,28.33333333,76,1011.4,0
850,67.8,1.2,0.5,26.15,30.33333333,69.5,1006.35,0
851,0,7,11,17.65,17.33333333,46,1022.65,0
852,0.4,5.2,6.4,24.3,35.33333333,83,1011.05,1
853,0,3.2,2.1,6.275,22,55,1019.6,0
854,7.8,3.4,8,16.425,28.33333333,52,1016.3,0
855,0,2.2,10.3,10.525,11,66.5,1024.5,0
856,0,8.4,12.9,20.625,27,40.5,1012.65,0
857,0,8.6,11,24.3,23,61.5,1015.15,0
858,0,2.8,6.9,14.175,26.66666667,60,1023.2,0
859,0,2.6,0,8.575,34.33333333,68,1022,1
860,0,12,10.9,25.125,26,47.5,1017.1,0
861,0,6.2,9.7,14.1,47.33333333,41,1005.25,0
862,16.8,2.8,11.5,17.275,30.66666667,49.5,1018.65,0
863,0,5.2,7.4,24.225,23.33333333,68.5,1013.3,0
864,0.2,4.8,10.6,17.075,16.33333333,53,1030.5,0
865,0,5.4,7.2,15.35,25.66666667,70,1017.5,1
866,1.4,3.4,2.5,23.4,27,63,1018.7,0
867,0,8,10.8,26.375,29.66666667,39.5,1014.35,0
868,0,6.6,9.4,30,23.66666667,63.5,1011.35,0
869,6.4,1.2,6,9.675,17.66666667,85,1035.85,0
870,0,10,4.5,26.575,31.66666667,24.5,1012.95,0
871,0,8,13.6,26.725,30.33333333,25,1011.05,0
872,0,7.4,10.2,29.45,28.66666667,66.5,1008.55,0
873,0.2,6.6,9.1,18.75,25.66666667,61,1020.75,0
874,0,1.8,10.2,13.55,16,51,1027.9,0
875,0,8.8,12.7,30.35,18,32,1014.25,0
876,1.8,6,8,13.075,44.66666667,61,1008.65,1
877,0,3.6,9.5,22.8,40,67,1020.25,0
878,0,2.6,10,14.25,15.33333333,50.5,1023.7,0
879,0.6,11.6,2.9,28.5,30,69,1011.3,0
880,14.2,6,7.6,22.125,34.33333333,76,1018.9,1
881,0.6,1.2,0.6,11.15,22.33333333,70.5,1031.35,0
882,0,7.6,3.6,22.05,26.66666667,79,1019.75,0
883,0,8,11.5,20.775,28,32.5,1014.95,0
884,0,1.4,4.5,11.85,15.33333333,74,1024.75,0
885,0,7,11.1,26.625,20.33333333,62.5,1011.8,1
886,0.2,0.8,4.8,11.55,13,78,1019.9,0
887,0,0.6,9,11.175,12.66666667,75,1023.1,0
888,21.8,5.2,7.2,29.825,21.33333333,66.5,1010,0
889,11,11,8.8,28.55,31,63,1014.3,0
890,0.4,14,13.2,16.175,37,50.5,1021.9,0
891,0.4,6,10,21.3,31,56,1010.15,0
892,0,1.6,8.6,10.975,23,59,1018.3,0
893,2.8,1.6,4.3,9.075,25.33333333,74.5,1030.95,0
894,0,11,8.7,32.125,19.66666667,37,1012,0
895,11.4,4.4,3.1,16.475,36.33333333,81,1008.65,1
896,0,5,11.2,19.125,18.66666667,49,1017.2,0
897,0.2,0.8,5,12.825,18,84,1028.8,0
898,0.2,3.8,2.4,28.375,19,77.5,1007.35,0
899,51,7.2,0,20.225,52.33333333,97,1008.05,1
900,0,8,12.3,27.7,19,48,1017.55,0
901,17.4,7,5.8,28.3,31,70.5,1008.55,0
902,0,6.2,7.6,14.375,36.33333333,31.5,1015.15,0
903,0,10.4,7.2,28.975,34.66666667,45.5,1009.85,0
904,0,6.6,10.7,24.35,30.33333333,25,1012.85,0
905,0,20,12.9,33.475,49,19,1011,0
906,0,3.8,10.5,8.15,20.66666667,36,1027.45,0
907,0,3.4,11.1,16.075,21.66666667,54.5,1028.75,0
908,0,7,11.3,14.35,23,19,1024,0
909,0.6,1.6,1.2,13.45,23.33333333,81,1025.95,1
910,0,8,11.2,23,24.66666667,58,1008.35,0
911,0,4.4,3.9,19,16,54,1021.65,0
912,0,3.6,11.2,17.725,18,51.5,1024.05,0
913,0,8,12.9,25.3,16.66666667,43.5,1018.85,0
914,0,10,10.3,22.6,46.33333333,64.5,1013.6,0
915,0,7.4,12.5,22.85,27,47,1017.15,1
916,0,4.4,10.1,18.225,27,11,1014.75,0
917,1,5.6,8.8,24.85,20.33333333,66,1015.95,0
918,0,4.8,11.1,23.225,28.33333333,10.5,1014.15,0
919,0.4,6.4,6.6,17.625,40.33333333,58,1015.4,1
920,0,6.2,10.5,18.575,32.66666667,60,1003.1,0
921,0.2,5,4.7,21.4,36.66666667,61,1013.8,1
922,5,0.8,0.6,15.275,13,82.5,1020.25,0
923,0,9,13.2,24.475,14.66666667,39.5,1017.6,0
924,0,1.2,8.6,10.95,8.666666667,68,1032.4,0
925,0,3.2,6.7,14.15,25.33333333,51.5,1019.7,0
926,0,10.8,11.4,31.15,28,46.5,1011.3,0
927,0,7,9.3,26.8,28.66666667,80.5,1010.9,0
928,5.6,6.8,7.6,10.325,57,51,1002.1,1
929,0,9.2,11.2,20.325,36.33333333,27,1013,0
930,0.8,4.2,2.8,28.4,19,73.5,1004.85,1
931,0,13.4,2.5,32.7,38,19.5,1007.75,1
932,4,5.4,2.8,12.125,34.66666667,80.5,1001.25,1
933,0,8,13,15.425,18.33333333,32.5,1014.6,0
934,6.6,2.6,2.5,9.925,33.33333333,77,1026.65,1
935,0.2,3.2,9.7,11.6,20.66666667,61,1018,0
936,0,2.2,5.2,18.575,22.33333333,57.5,1021.85,0
937,0.2,0.4,0,6.5,12.33333333,96,1031.4,0
938,0,1.4,4.8,11.975,44,77,1020.2,0
939,0,2.8,0.1,11.5,15,84.5,1009.85,1
940,2.2,2.4,9.9,14.75,37.66666667,57.5,1013.85,0
941,0,4,2.3,18.825,10,67.5,1012.75,1
942,6.6,2.4,6.7,23.325,23.66666667,75,1011.05,0
943,0,8.2,11.8,25.375,18.33333333,59.5,1010.25,0
944,0,8.2,10.7,15.5,11.66666667,29.5,1015.4,0
945,0,1.8,9,12.725,11.33333333,71.5,1025.55,0
946,0,8,12.7,24.45,28,54.5,1005.7,0
947,0,0.6,5.4,16.25,10.66666667,63,1022.5,1
948,0,6.2,10.5,18.825,34.33333333,37.5,1008.4,0
949,0,9,12.6,20.65,22.33333333,43.5,1022.15,0
950,0,7.2,11.1,28.35,28.33333333,33.5,1013,0
951,0,2.2,9.5,21.65,6.333333333,69.5,1020.55,0
952,0,3.2,11.3,9.85,26,51.5,1021.05,0
953,1.2,3,7.5,14.925,29.66666667,51.5,1018.95,0
954,22.8,3.8,10.6,28.675,31.66666667,74,1010.65,1
955,0,6,10.7,30.95,25.33333333,58,1009.5,0
956,0,7.2,12.2,26.4,14.33333333,51,1015.1,0
957,0,6,12.4,21.075,21,47,1023.95,0
958,0,1.4,9.8,13.1,18,50.5,1017.6,0
959,0,5.2,7.7,22.45,18.66666667,59,1023,0
960,1.2,5.2,2.1,19.85,22,78,1013.3,1
961,5,3.8,10.1,24.1,29,75.5,1019.55,0
962,0,4.4,9.4,12.825,26.66666667,55,1025.05,0
963,7,3,7,10.225,31.66666667,71,1012.5,0
964,0,3.8,2.7,30.725,19.33333333,73.5,1003.9,1
965,0,3,9.9,25.55,17,40.5,1017.3,0
966,0,8.2,10.1,26.225,19.66666667,42,1013.8,0
967,2.2,2,9.9,12.975,20.33333333,52,1025.55,0
968,0,7.2,7.1,26.3,8.666666667,59.5,1020.15,0
969,0,7.8,11.6,25.6,28.66666667,39,1012.1,0
970,0,7,10.8,29.15,23.33333333,41,1010.3,0
971,0,5.2,10.6,19.325,19.66666667,32,1021.5,0
972,37.2,9,6.7,26.3,31.33333333,72,1015.3,1
973,0,8,12,20.75,25,35.5,1022.15,0
974,0.4,8.6,8.5,17.125,32.33333333,62,1003.9,0
975,0,14.6,13.7,29.2,24,13.5,1015.95,0
976,0,14.2,11.2,27.925,31,24,1013.85,0
977,0.8,3,9.4,10.85,27.33333333,55,1031.75,0
978,22.6,0.4,3.5,24.825,27.66666667,74,1009.45,0
979,21,7.4,0,21.425,21.66666667,94,1013.1,1
980,0,1,2.1,13.725,32.66666667,79,1017.2,0
981,0,3.2,2.7,11.375,26,71.5,1020.75,1
982,21,3.4,8.6,24.65,27,76.5,1003.3,0
983,0,5.2,10.3,19.8,28.33333333,47,1020.1,0
984,0,7.8,13.1,23.975,23.33333333,42,1010.5,0
985,0,4.2,11.7,20.225,24,46.5,1007.6,0
986,0,11.8,12,28.45,37.66666667,38.5,1014.95,0
987,0,0.8,8.9,10.5,12.33333333,62,1021.75,0
988,0,14.2,13.1,29.825,21,23.5,1016.25,0
989,0,1.6,7.7,11.175,16.33333333,69,1019.45,0
990,0,12.4,6.3,19.025,22.66666667,57.5,1012.35,0
991,0,14.4,10.9,21.625,23.33333333,56.5,1008.5,0
992,4.4,1.8,7.7,9.25,34.66666667,71.5,1028.35,1
993,0,1.4,4.1,17.175,18,71,1018.55,0
994,0,9.2,12.5,20.925,29.33333333,41,1015.65,0
995,0,3.2,9.9,14.375,21.66666667,42,1017.55,0
996,1.6,4.2,7.6,15.05,40.66666667,78,1001.05,1
997,0,6.4,9.4,21.575,21.66666667,48.5,1016.95,1
998,17.4,5.4,6.9,15.025,26,65.5,1021.5,1
999,0,8.6,9.6,29.575,30.33333333,41.5,1001.9,1
1000,0.2,4.6,11.4,14.675,23.66666667,48.5,1021.7,0
1001,0,7.8,11,23.3,16.66666667,52,1021.05,0
1002,0,4.2,10.7,19.425,38.33333333,21.5,1010.35,0
1003,0,5,7.3,19.325,23,81.5,1017.85,0
1004,9.2,6.6,7.4,31.45,26,60.5,1007.2,0
1005,0,2.8,9.1,23.775,14.33333333,52,1015.7,0
1006,0,7,6.8,28.825,20.33333333,68,1010.65,0
1007,0,4,10.1,17.825,21,32.5,1013.95,0
1008,0,5,5.1,24.225,39.33333333,9.5,1001.75,0
1009,0.2,4.2,10.8,23.425,11.66666667,62,1024.35,0
1010,1,6,2.6,16.1,40.66666667,87,1010.8,1
1011,2.2,4.2,11.1,16.85,29.33333333,55.5,1010,0
1012,0,7.6,13.2,24.85,17,55,1016.3,0
1013,0,4.2,10.2,19.625,24,44,1023.4,0
1014,0,4,8.7,16.55,21,51,1017.2,0
1015,1.4,2.4,2.1,18.525,32,61,1018.6,1
1016,9.2,3,4.9,18.775,27.33333333,77,1010.95,1
1017,1.2,4.2,8.4,26.225,25.33333333,69,1010.15,1
1018,1,2.6,4.9,17.75,43.66666667,78.5,1011.2,1
1019,3.4,11.8,11.3,26.725,27.66666667,52.5,1015.4,0
1020,0,8,5.1,18.875,16,63,1014.3,0
1021,2.2,2.2,7.6,13.025,47.66666667,68.5,1012.3,0
1022,24.4,4.6,4.4,11.85,17.33333333,72,1028.1,0
1023,18.6,0.6,0,18.025,17.33333333,92,1011.25,1
1024,0,0.8,9.6,10.35,14,57,1015.75,0
1025,0,5,9.9,21.075,37.66666667,49,1018.6,0
1026,4.2,1.2,1.5,11.125,23,81.5,1015.75,1
1027,0,6.8,6.6,13.025,31.33333333,42,1018.1,0
1028,0,10,12.6,29.525,28.66666667,57,1014.15,0
1029,0,0.4,6.5,11.05,22.66666667,56.5,1013.75,0
1030,0,1.6,10.1,16.775,15,67.5,1022.45,0
1031,2.4,1,4.6,13.1,31,82.5,1018.6,1
1032,0,6.8,4.5,26.175,21.66666667,46.5,1014.15,0
1033,0,5.2,9.8,18.875,18.66666667,63.5,1019.85,0
1034,0,14.8,9,32.85,23.33333333,6,1007.9,0
1035,12,1.8,8.8,12.05,33.66666667,66,1011.25,0
1036,0,7.4,10.7,18.15,23.66666667,34,1019.65,0
1037,0,7.2,11.5,20.525,21.66666667,48,1020.4,0
1038,4.8,3.8,11.3,17.575,22,57.5,1016.4,0
1039,0,9.4,12.7,35.9,29.66666667,35,1009.7,0
1040,0,10.6,10.3,23.9,30,46,1017.45,0
1041,0,7.4,10.9,26.05,19.66666667,60,1013.25,0
1042,0,22.6,12.6,32.7,38.66666667,14.5,1010.8,0
1043,0,8.4,12.3,19.725,27,48,1012.6,0
1044,0,6.2,10.4,20.5,17.33333333,42.5,1017.25,0
1045,0.8,12.8,9.4,28.425,27.66666667,66,1006.75,1
1046,0,11,11.2,24.55,30,48.5,1017.7,0
1047,0,7,1.6,23.15,30.33333333,51,1017.75,1
1048,18,3,9.7,14.65,21.66666667,72.5,1018.7,0
1049,4.6,0.4,8.6,9.075,11.66666667,88.5,1018.25,0
1050,0,3.6,7.1,16.45,28,73,1023.4,0
1051,0,2.6,0.4,18.675,23.33333333,88.5,1022.3,1
1052,6.6,5.2,1.9,15.175,42.66666667,71.5,991.95,1
1053,0,2.4,0.7,11.35,22.33333333,75,1025.55,0
1054,1.4,1,2.2,14.35,31.66666667,83,1009,1
1055,0,3.4,5.9,9.475,16,59.5,1025.25,0
1056,0,8,10.3,20.2,21.66666667,48,1017.5,0
1057,0,6.6,10.8,27.5,27,36.5,1013.4,0
1058,10.8,1.6,7.1,9.275,37.66666667,76,1016.75,1
1059,0,2.8,6.3,10.65,13,72.5,1029.15,0
1060,1,1.4,3.2,12.775,15.33333333,82,1021.05,0
1061,0,6.5,9.4,17.375,21,59,1012.7,0
1062,1.6,1,3.9,9.675,22,86,1009.85,1
1063,6.6,7.4,9.4,21.8,20.33333333,57,1012.5,0
1064,0,6.2,12.8,21,34.66666667,50,1019.3,0
1065,0,1,4.2,6.05,7,76,1026.55,1
1066,0,6.4,0.3,21.575,24.66666667,33.5,1004.75,1
1067,0,4.8,10.6,23.175,31.66666667,53,1016.6,0
1068,0,7,6,22.65,19,58,1018.85,0
1069,0,1.8,4.1,9.6,16.33333333,63,1020.6,1
1070,0,6.4,11.8,26.25,19.66666667,62.5,1013.3,0
1071,0,6.2,9.8,22.8,26.66666667,31,1019.15,0
1072,0,4,8.6,29.525,26.33333333,74,1005.25,1
1073,2,2.2,6.1,14.35,26.66666667,67.5,1023.5,0
1074,0,6.2,5.3,18.45,34.66666667,55.5,1013.75,1
1075,0,7.4,1,16.175,17.33333333,70.5,1013.7,1
1076,0,11.2,5.2,28.05,51.33333333,16.5,1004.6,0
1077,0,3.4,9.4,18.325,32.66666667,28.5,1022.05,1
1078,0,9.8,9.5,25.775,18.33333333,65,1008,0
1079,0.6,1.4,8.4,13.475,28,58.5,1023.4,0
1080,6.8,0.4,2.5,13.15,9.666666667,77.5,1021.45,0
1081,10.2,10.4,11.1,27.625,42,48.5,1007.15,0
1082,3.8,3.8,0.2,20.45,24.66666667,86,1009.4,1
1083,0,3,0.3,12.05,19.66666667,68.5,1013.55,1
1084,0,1.6,1.9,13.325,8.666666667,73,1031.35,0
1085,0,4.6,6.9,14.725,14.33333333,61,1015.55,0
1086,0,8,12.9,24.725,15,56.5,1009.65,0
1087,20.2,5.4,2.6,17.5,21,87.5,1025.8,1
1088,0,17.8,12.8,33.825,32,17.5,1011.25,0
1089,0,3.6,10,14.25,31,45.5,1021.1,0
1090,0,4,3.6,16.55,28.66666667,84,1021.55,0
1091,5.2,2.2,6.7,19.15,21.66666667,80.5,1018.65,0
1092,0,6.6,12.2,27.2,25,19.5,1011.2,0
1093,0.6,6.4,10.3,25.825,14.66666667,58,1017.6,0
1094,0.8,1.2,0.5,12.175,19.66666667,89.5,1004.6,1
1095,0.2,1.4,4.1,14.25,21,87,1024.3,0
1096,0,5.6,10.5,22.35,28.33333333,60.5,1017.9,0
1097,0,4.6,6.7,23.35,23.33333333,48,1009.4,0
1098,0,11.2,11,30.475,31.33333333,57.5,1007.25,0
1099,0,6.6,11.4,20.975,12.33333333,64.5,1023.95,0
1100,2.6,4.2,6.9,13.525,46.33333333,57,998.4,0
1101,11.6,1.2,8.5,19.2,29.66666667,69,1007.6,1
1102,0,4,9.7,15.6,56,33.5,1012.5,0
1103,1.6,4,3.4,20.35,14.66666667,52,1024.05,0
1104,0,12.4,9.9,22.2,28.33333333,31,1015,0
1105,0,0.2,2.3,12.975,8,81,1025.4,0
1106,0,5.6,11.1,17.825,25,49.5,1014.5,0
1107,0,7.4,9.9,19.25,27.33333333,52,1008.95,0
1108,1.6,2,6.8,16.075,19.33333333,77,1021.9,0
1109,0.2,5.8,9.7,22.95,21.66666667,68.5,1021.1,0
1110,0.4,0.8,5.1,7.3,20.33333333,71.5,1022.9,0
1111,0,5.2,0,23.375,10.33333333,80,1013.3,1
1112,1,2.4,10.6,12.025,24.66666667,59.5,1033.1,0
1113,0,11.4,7.3,20.075,20.33333333,47,1007.75,0
1114,0,1.6,6.4,8.95,13.33333333,73.5,1029.1,0
1115,0,3.4,3.3,22.7,24.66666667,47.5,1015.65,0
1116,0,3.8,6.7,22.6,10,59.5,1022.95,0
1117,0,4.6,7.3,18.375,28.33333333,69.5,1010.1,1
1118,3.4,9.2,1.3,20.8,35.33333333,76,1020.05,0
1119,8.8,2.4,3,23.725,13.33333333,79,1017.65,1
1120,0,6,1.1,22.275,17.33333333,36.5,1012.95,0
1121,0,12.8,13.2,25.875,30,35.5,1018.4,0
1122,0,1.2,3.7,11.475,21,47.5,1021.85,0
1123,0.8,4.8,8.9,15.05,23,61,1023.8,0
1124,0,7.6,8.6,22.575,22.33333333,21.5,1017.45,0
1125,0,7.2,11,22.525,18.66666667,42,1019.15,0
1126,4.6,1.4,4.8,10.775,44.33333333,78,1008.5,1
1127,0,8.2,10.7,32.15,21.66666667,70,1000.8,0
1128,5.6,4.8,6.4,17.125,35.33333333,53.5,1021.05,0
1129,0,6.4,10,23.575,32.66666667,32.5,1012.8,0
1130,0.2,9.6,5.8,24.85,40.66666667,66.5,1002.75,1
1131,0,4.8,11,22.4,26.33333333,35,1013.85,0
1132,0,4,10.1,18.05,19,57,1019.65,0
1133,0,6.4,9,22.525,17.33333333,59.5,1017.55,0
1134,0,3,4.6,6.2,22.33333333,71,1017.5,0
1135,25.6,1,10.1,20.975,22,71.5,1015.05,0
1136,0,8.6,11.6,15.575,32,16.5,1020.85,0
1137,0,3,7.3,18.425,45,41.5,1008.75,0
1138,0,8.2,6.3,22,19.33333333,47,1017.95,0
1139,0,7.4,10.4,25.725,22.33333333,30,1019.9,0
1140,0,6.4,11,25.25,25.33333333,60.5,1015.2,0
1141,17.8,11.6,0.5,16.125,22,99,1011.9,1
1142,0,4,9.1,19.875,18.66666667,40,1028.35,0
1143,0,1.2,0.1,10.35,27,75.5,1015.3,1
1144,0,10.6,11.6,19.475,29,20.5,1008.95,0
1145,1.6,2.8,1.5,9.4,29,81,1011.5,1
1146,0,0.2,2.1,9.225,13,81,1021.15,0
1147,0,7.2,5.2,19.325,18.33333333,64,1013.5,0
1148,0,7.4,12.6,24.3,22,64,1022.4,0
1149,8,5.8,5.5,15.85,32.66666667,96,1008.75,0
1150,1.6,2.8,6.9,22.3,36,55,1008.4,0
1151,0.6,3,6.8,28.1,33.33333333,62.5,1008.15,0
1152,0,5,8.4,19.725,23.66666667,49,1016.75,1
1153,0,8.4,2.6,19.425,16.33333333,71.5,1006.7,0
1154,0,9.4,11.2,28.825,30.33333333,45,1014.8,1
1155,0,7.8,10,24.025,22.66666667,25.5,1022.55,0
1156,3.8,1.6,7.8,15.25,29,57,1014.85,0
1157,0,1.2,5.2,13.85,28,72.5,1023.8,1
1158,0.2,3.6,7.5,6.35,11,72.5,1026.05,0
1159,0,1.8,7.6,15.225,24,78.5,1019.7,1
1160,0,5.6,3,28.7,22.66666667,78.5,1011.55,1
1161,0,6.6,13.4,21.825,21.66666667,67,1013.8,0
1162,0,4.4,12.9,18.2,26.33333333,48.5,1024.75,0
1163,0,9.4,9.8,20.65,37.66666667,52,1003.9,1
1164,0,3.4,11.6,21.1,18.33333333,52.5,1013.05,0
1165,1,1.8,6.4,13.225,17.33333333,72.5,1022.5,0
1166,0,8,11.7,27.25,23.33333333,63.5,1008.15,0
1167,0,10,10.1,22.95,34.33333333,52.5,1019.8,0
1168,0,8.2,0,14,21.66666667,72,1009,1
1169,0,4,10.6,28.225,21.66666667,62.5,1009.95,0
1170,0,5.6,6.4,19.45,23.33333333,59.5,1021.75,0
1171,0,8.6,11,25.5,34,33,1020.65,0
1172,0.2,8,0,21.925,53.66666667,87,1002.3,1
1173,0,13,13.7,20,30,25.5,1016.15,0
1174,0,6.2,11.2,20.3,27.33333333,46,1019.1,0
1175,0.6,0.8,7.3,11.85,24.66666667,78,1024.2,0
1176,0,1,0.6,8.95,19,70.5,1033.55,0
1177,0,7,10.8,23.45,27.33333333,54.5,1020.1,0
1178,0.4,5,4.5,15.325,24.66666667,55,1011.9,0
1179,0,4,3.4,18.575,29.66666667,45.5,1008.8,1
1180,0,3.2,8.1,13.7,11.66666667,65.5,1022.5,0
1181,0,3.4,6.6,15.7,42,32,1012.4,0
1182,0,14.8,6.9,29.8,26,31.5,1011.35,1
1183,0,8,13.3,25.75,20.33333333,26,1011.25,0
1184,17.4,4,6.3,17.425,40,63.5,1009.55,1
1185,0.2,1,0.3,13.275,15,78.5,1027.7,0
1186,4.8,2.6,6.4,18.85,35.33333333,70,1008.7,0
1187,0.2,1.8,9.5,7.8,10.33333333,54.5,1020.1,0
1188,0.2,8.6,3.3,29.925,29,59.5,1010.15,1
1189,5.2,2.2,5.4,12.55,18.33333333,84,1017.9,1
1190,2.4,1.2,2.4,8.275,20,78,1033.5,0
1191,10.2,0.2,0,14.075,9.333333333,95.5,1018.95,0
1192,0,7.4,0.1,27.275,13,39,1014.5,0
1193,1.8,4.6,11.3,15.2,30.33333333,49.5,1019.2,0
1194,0,1.8,10.1,15.55,17,57.5,1031.05,0
1195,9.4,7,11.4,17.075,42.66666667,48.5,1010.1,0
1196,0,5.6,12.6,18.825,16.33333333,50.5,1018.45,0
1197,0,3.4,3.2,16.375,17,81.5,1008.05,1
1198,27.2,2,0,13.475,15.66666667,98,1022.5,1
1199,0.4,8.2,8.8,27.3,19,61,1010.05,0
1200,4.2,2,4.3,12.65,30,76,1008.55,1
1201,2,3.8,7.1,10.75,31,55,1020.2,0
1202,0,7,12.3,33.4,23.66666667,53,999.05,0
1203,0,1.2,0.3,9.05,19,69,1021.35,0
1204,0,4.8,9.6,28.85,17.33333333,63.5,1004.45,0
1205,4.2,2,7,9.35,39,73.5,1009.8,1
1206,0,8.8,13.3,22.725,19.33333333,51,1012.75,0
1207,3,6,6.3,13.525,45,62,1014.3,0
1208,0,4.8,8.8,16.375,22,60.5,1024.9,0
1209,0,5,9,24,26.66666667,42.5,1007.5,0
1210,3,1.2,8,21.175,7.666666667,74,1017.5,0
1211,0,6.2,9.7,23.8,16.33333333,46.5,1014.65,0
1212,0,8.6,9.7,23.525,17.66666667,54.5,1019.3,0
1213,37.4,4.8,8.8,29.025,18.66666667,68.5,1009.7,0
1214,2,6.4,7.7,15.95,41.33333333,65,1025.85,1
1215,0,0.6,0.7,10.05,11,77.5,1020.95,0
1216,0,13.4,7.6,29.775,31.33333333,50,1001.8,0
1217,0,3.6,8.6,18.675,31,48.5,1015.35,0
1218,0,8.4,12.5,14.2,26.33333333,33.5,1023.9,0
1219,0.4,2.2,9.6,12.075,12.66666667,74.5,1035.6,0
1220,0,3.6,10.5,8.975,12.33333333,29,1024.5,0
1221,0,2.2,6.8,17.6,29,69.5,1015.85,0
1222,0,6.8,10.7,19.325,26.66666667,24.5,1014.35,0
1223,0,5.6,4.3,17.125,56,58,999.3,1
1224,0,7,9.6,14.6,20.33333333,53,1018.3,0
1225,0.2,5.4,6.8,27.125,22.33333333,59,1016.85,0
1226,0,7.6,11.6,24.525,33.33333333,38,1016.05,0
1227,0,5.2,13.4,16.35,20.33333333,74.5,1022,0
1228,0.4,2.2,7.7,17.575,24.66666667,79.5,1019.45,0
1229,0,4.8,6.5,19.25,14.66666667,61,1014.45,0
1230,0,13.4,12.8,33.675,26,13.5,1004.7,0
1231,1.2,3.2,1.7,20.625,11.33333333,80,1019.8,1
1232,19,0.4,1.8,16.55,30.66666667,48,1010.45,0
1233,0,17.4,13,28.475,28.33333333,35,1006.9,0
1234,0,1.2,1.7,10.7,16,83,1014.5,0
1235,0,3.2,8.7,22.425,24,62.5,1012.2,0
1236,0.6,1.6,10.1,22.725,11,62.5,1016,0
1237,0,6.6,7.5,23.825,28,57,1018.3,0
1238,0.4,6.6,12.2,20.575,31,37,1013.35,0
1239,0,7.2,9.8,14.325,22.33333333,30.5,1026.6,0
1240,0,5.6,12.7,24.125,19,49.5,1018.55,0
1241,0,6.4,10,18.1,36.33333333,31.5,1013.35,0
1242,0,7.2,3.8,22.5,18,77.5,1014.95,0
1243,0,1.6,6.1,9.175,13.33333333,77,1029.75,0
1244,0,7.8,7,21.375,36,74.5,1011.35,0
1245,0,5.6,11.5,21.775,13.66666667,53,1022.05,0
1246,2.6,2.2,0,23.825,23.33333333,83,1001.45,1
1247,23,10,0.3,20.7,24.66666667,82.5,1016.3,1
1248,0,6.8,9.5,31.075,29.66666667,52,1012.7,0
1249,0,4,5.1,20.2,19,71.5,1007.3,0
1250,1.8,6.6,8.1,21.8,43.66666667,72,1021.6,1
1251,0.2,1.8,6.5,9.05,23.33333333,81.5,1005.5,0
1252,0.6,3,5.1,10.85,32,78.5,1017.85,0
1253,0,2.2,6.7,16.5,30,40.5,1015.65,1
1254,3.6,6.8,10.6,18.95,30,62.5,1013.45,0
1255,0,3,10.4,16.925,22.33333333,56.5,1023.2,0
1256,0,9,12.7,19.625,36.33333333,35.5,1019.6,0
1257,0,4.8,7.2,12.925,19.33333333,63,1027.55,0
1258,0,9.4,13.2,28.25,31.66666667,33.5,1015.75,0
1259,0,2.4,8.3,12.25,35,48,1014.9,0
1260,0.2,1.6,0.1,11.2,37,64.5,1013.5,0
1261,0,8.2,12.8,30.5,16,44.5,1008.4,0
1262,0,3.8,8,19.8,34.66666667,25,1012.2,0
1263,0,7.8,11.8,22.025,32.66666667,74.5,1021.55,0
1264,0,11.4,11,20.4,13,37.5,1013.2,0
1265,0,3.6,5.4,12.775,11,65.5,1023.5,0
1266,0,2.4,9.8,17.85,10,56.5,1017.65,0
1267,2.2,1.2,3,10.8,16.33333333,69.5,1024.45,0
1268,8.2,2.4,5.8,16.35,38.33333333,80,1018.5,1
1269,47.2,2.2,1.3,16.65,25.66666667,76,1015.85,0
1270,11.8,1.6,0,18.45,14.33333333,82.5,1008.45,0
1271,0,4.8,8.8,18.8,29.66666667,63,1024.4,1
1272,0,4,7.9,17.1,12.33333333,48.5,1027.2,0
1273,1.8,1.2,10.9,16.625,44,50,1009.7,1
1274,0,1.4,9.8,11.575,26.66666667,56,1025,0
1275,1,5.2,10.3,17.95,18.66666667,66,1022.35,0
1276,0,1.8,11.5,11.4,31.33333333,56,1030.25,0
1277,0,6.2,11,26.625,26.66666667,45,1013.1,0
1278,0.8,4.8,10.8,17.575,31,51.5,1017.95,0
1279,0.4,5.4,7.5,21.35,31,58.5,1006.4,0
1280,0,5,9.2,19.05,17.33333333,50.5,1020.9,0
1281,0,4,7.1,10.225,29.66666667,62,1026.95,0
1282,0.2,3.2,5.5,19.825,16.66666667,49.5,1013.85,0
1283,0,3.8,9.4,17.075,47,48.5,1015.9,0
1284,8.2,5.4,11.8,9.45,32,56.5,1015.05,0
1285,0,4.2,9.4,12.65,20.33333333,32,1021.55,0
1286,0,3.2,4.3,22.775,26.33333333,85.5,1012.15,0
1287,0,9,10.8,28.125,29.66666667,35.5,1007.4,0
1288,0,4.2,9.5,19.75,31.33333333,45,1024.65,0
1289,8,5,13.2,21.3,18.33333333,47,1013.35,0
1290,0,5,11.6,19.425,18,55.5,1033.45,0
1291,0,2.2,0.7,14.9,11.33333333,60,1015.1,0
1292,0,7.6,8.4,22.825,33.66666667,75,1014.2,0
1293,0,11.8,0.4,27.925,37,15,1003.55,0
1294,2,0.2,0.1,5.9,14.66666667,83.5,1020.65,0
1295,0,8.6,9.8,21.975,34.66666667,63.5,1018.85,0
1296,0,10.2,13.3,28.3,18,8.5,1010.35,0
1297,35,1,0,19.85,24,88.5,1004.6,1
1298,0.4,3.4,4.7,17.875,18,66,1017.3,0
1299,0,7.6,10.7,27.95,23,62,1011.45,0
1300,0,4,10.6,18.575,18.66666667,63,1021.25,0
1301,1.4,2.4,7,29.525,57.33333333,37.5,1001.2,0
1302,0,6.8,10.7,26.975,18.33333333,40,1016.3,0
1303,0,5.4,11.5,20.85,29.66666667,77.5,1015.3,0
1304,15.4,3.4,7.6,12.65,21,70.5,990.55,1
1305,0,12,12.7,24.15,27.33333333,27,1008.75,0
1306,0,1.2,2.7,13.825,20.33333333,64,1015.9,0
1307,0,6.8,11.8,22.825,40,57,1008.2,0
1308,0,6.4,12.2,15.25,30.66666667,25.5,1017.8,0
1309,1.6,2.4,8.5,13.5,37.33333333,55,1010.4,0
1310,0,7,8.6,20.55,27.33333333,61.5,1011.5,1
1311,0,8.8,12.1,17.275,37.66666667,33.5,1009.4,0
1312,2.6,9.8,7.8,30.4,25.33333333,67.5,1013.05,0
1313,16.2,1.6,7.7,14.15,23,64,1013.1,1
1314,0,2.6,8,7.525,14.33333333,66.5,1024.6,0
1315,0.2,0.4,4.3,13.925,11.33333333,78.5,1018,1
1316,0,4.8,10.5,15.6,20.33333333,62.5,1022.35,0
1317,3.4,8.6,11.8,26,37.66666667,46.5,1009.6,0
1318,0,20.4,13.9,20.5,25,20.5,1005.8,0
1319,0,3.4,9.4,13.775,20.33333333,52.5,1017,0
1320,2.6,3.6,7.9,14.55,35.33333333,60.5,1020.6,0
1321,0,4.8,2.6,28.6,31.66666667,79.5,1006.05,1
1322,0,4.8,11,18.275,36.33333333,48.5,1027.1,0
1323,0,5.8,9.2,17.525,18,46,1016,0
1324,0,7.6,2.4,21.775,19.66666667,84.5,1011.3,1
1325,0,4.2,9.4,21.725,26.33333333,60.5,1017.2,0
1326,0,11.6,6.5,25.325,46.66666667,26.5,1012.85,0
1327,0,5,3.7,24.75,21.33333333,86.5,1017.35,1
1328,0,16.6,10.8,25.7,35.33333333,31,1013.05,0
1329,0,9,7.9,21.725,34.66666667,54.5,1035.35,0
1330,3.6,7.4,4.4,11.175,38,68.5,1010.45,0
1331,0,6.4,2.1,24.775,10.66666667,29,1017.35,0
1332,0,4,11.1,23.15,28.33333333,58.5,1021.05,0
1333,0.8,1.4,6.9,8.3,27.66666667,70,1008.7,0
1334,0,2.4,4.3,17.075,9.333333333,66,1017.55,1
1335,0,7.2,10.9,28,24.66666667,54.5,1010.4,0
1336,0,10.6,8.9,31.525,23.66666667,67,1005.05,0
1337,7.2,3,11.1,12.2,29,46,1023.1,0
1338,0,5.6,13.5,19.925,18,53.5,1012.85,0
1339,0,2.6,0.1,9.3,42.66666667,65,1016.2,1
1340,0,8.8,11,31.95,27.33333333,19,1015.65,0
1341,0,5.6,10.9,21.05,29.33333333,21.5,1013.8,0
1342,0.2,2.6,6.7,6.675,45.33333333,62,1007.95,0
1343,0,1,5.8,7.525,34.66666667,70,996.3,1
1344,0,8.6,11.4,26.95,23.33333333,59,1011.4,0
1345,2.2,5.4,11.6,15.45,26,51,1016.95,0
1346,4.6,11.2,10.1,27.625,38.66666667,52,1016.65,0
1347,0.2,0.8,5.2,8.825,13.33333333,90,1006.55,0
1348,0,5.2,10.5,20.625,21.33333333,44,1020.55,0
1349,0.2,3.6,11.5,13.375,23.33333333,62,1023.25,0
1350,0,4.6,10.6,22.925,22,24.5,1018.45,0
1351,0,3.2,11.1,10,16,60,1010.9,0
1352,0,17,8.1,34.3,32.33333333,20,1005.1,0
1353,50.6,4.2,8.2,19.125,34.33333333,73.5,1008.9,1
1354,0,1.4,2.6,10.375,18,61,1036.2,0
1355,0,5.2,10.2,17.85,17.33333333,39,1014.85,0
1356,0,10.4,12.2,25.725,26,59.5,1019.45,0
1357,0,2,7.9,12.625,14.66666667,68.5,1021.75,0
1358,2.6,3,10.4,16.275,27,59,1021.75,1
1359,16.2,3.4,6.5,21.025,21,70.5,1021.75,1
1360,0.2,2.6,11.1,10.9,24,70,1027.3,0
1361,0.2,4.8,3.1,21.6,10.66666667,69.5,1020.85,1
1362,0,5.2,10.2,21.4,28,56,1020.3,0
1363,5.8,3,10.2,13.125,20.66666667,52.5,1021.1,0
1364,0.6,5.6,6.6,27.725,21.66666667,77.5,1010.35,1
1365,0,5,8.3,23.65,20.33333333,48.5,1019.7,0
1366,0,3,11.4,24.3,24,58.5,1013.25,0
1367,0.4,1.9,5.8,8.875,21.66666667,57,1025.65,0
1368,2.2,2.2,9.2,16.425,10.66666667,62,1020.35,0
1369,0,7.2,10.5,28.275,23.33333333,57,1014,0
1370,0,4,7.9,18.625,24,60.5,1022.1,0
1371,0,3.6,9.7,17.2,19.33333333,65,1028.4,0
1372,0.2,9.4,10,26.55,23.33333333,50,1020.05,0
1373,0,3.6,0.2,14.05,32.66666667,58.5,1012.75,0
1374,0.4,3.8,11.8,25.1,27.66666667,59.5,1019.6,0
1375,0.6,1.2,3.4,9.925,32.66666667,87,1023.1,1
1376,14.2,4,0,19.325,27.66666667,93,1017.65,1
1377,3.4,2.8,0,21.55,37.33333333,70,1018.9,0
1378,0,6,9.5,24.875,27.66666667,59.5,1015.95,1
1379,62.2,10.2,3.6,27.9,24,77,1005.15,1
1380,0.4,1.8,9.3,10.3,23.33333333,71,1021.25,0
1381,0.6,2.2,4.5,11.975,27.66666667,67,1027.9,0
1382,0.8,5.2,13,16.575,24.66666667,42.5,1016.35,0
1383,0,7,11.3,20.85,23,32.5,1015.3,0
1384,0,6.6,12,22.05,28.66666667,38.5,1020.8,0
1385,0,3.6,12.3,14.75,25.33333333,57.5,1015.4,0
1386,6,4.6,7.3,16.3,49.33333333,67.5,1009.45,1
1387,0,12.2,10,13.275,22.66666667,47.5,1025.2,0
1388,0.2,4,5.8,18,26.66666667,62.5,1017.75,1
1389,0,3.4,10,15.875,13,55,1028.55,0
1390,20.8,2.8,6.9,18.55,42.33333333,72,1016.55,1
1391,0,6.8,12.7,27.125,14.33333333,34.5,1020.75,0
1392,0,11.4,9.8,29.35,21.66666667,9,1017.6,0
1393,1.8,2.4,6.3,18.575,35.33333333,73,1006.25,0
1394,0,3,10.2,21.9,20.66666667,65,1017.3,0
1395,9.2,0.4,2.6,16.075,22.66666667,91.5,1005.25,1
1396,0,5.4,11.7,17.575,22.66666667,55,1024.8,0
1397,16,1,6.6,23.775,11,74.5,1018.8,0
1398,0,2.6,6.5,15.25,33.33333333,69,1011.75,0
1399,0.2,2.2,9.9,15.875,29.66666667,49.5,1023.2,0
1400,0,1.2,0,14.95,26.66666667,88,1018.7,1
1401,1,4.8,12.1,26.625,24.33333333,53.5,1014.85,0
1402,0.4,7.6,0.2,25.85,11.33333333,72,1015.65,1
1403,0,2.6,4,13.75,18.66666667,70,1030.85,0
1404,0,4.8,12.3,17.975,33.33333333,48,1017.95,0
1405,3.8,6.6,1.1,13.6,46.33333333,86.5,1006.6,1
1406,0.8,2.4,2.3,12.25,20,89,1030.75,0
1407,0,2.8,0,17.05,7.666666667,64.5,1017.8,0
1408,0,4,10.5,20.375,10.33333333,26,1018.7,0
1409,11.4,4.2,2.9,17,26.33333333,81.5,1012.9,0
1410,0,1.6,7.3,12.575,14,65,1013.55,0
1411,0,13.4,7.3,23,19,46.5,1018.85,0
1412,0,2.8,11.3,14.825,18,32.5,1029.05,0
1413,2.4,1.8,6.1,9.625,20.33333333,80,1030.5,1
1414,0,7.6,3.9,23.35,20.66666667,81.5,1004.9,1
1415,0,4,9.8,23.125,16,68.5,1014.25,0
1416,0,3.2,9.9,18.8,20,57.5,1028.2,0
1417,0.2,4.2,10.4,18.35,16.66666667,58,1032.05,0
1418,0,6,7.6,28.925,24.33333333,45,1012.1,1
1419,0,4.8,11.3,27.3,26.33333333,27,1014.3,0
1420,89.2,6,0,23.65,17.33333333,96,1005.5,1
1421,0,5.4,0.9,13.325,17.66666667,70.5,1016.7,1
1422,0,15,11.7,30.7,29.66666667,15,1005.75,0
1423,1,0.6,0.9,8.475,18.66666667,71.5,1026.35,0
1424,1,1.6,6.8,10.175,25.66666667,60.5,1019.45,0
1425,0.2,2.6,3.2,12.425,26,59.5,1027.6,0
1426,0,5.8,6.1,17.1,20.33333333,59,1016.8,0
1427,11.8,6.4,8.3,29.15,22.66666667,67.5,1009.2,1
1428,0,4,8.2,20.675,26,66,1009.85,0
1429,0,4.6,9.3,19.95,29,62,1008.1,0
1430,0,1.6,7.7,12.175,22,61.5,1032.7,0
1431,3,4.8,9,19.05,22.33333333,57,1020.05,0
1432,0,4,10.9,13.775,19.66666667,52.5,1025.6,0
1433,0,7.4,13,24.325,31,23.5,1015.7,0
1434,0,4.4,10.2,18.675,14,61,1019.55,0
1435,0,11.4,12.6,24.225,24,38,1014.55,0
1436,0,3,8.7,12.1,18.33333333,38.5,1032.8,0
1437,0,4,6.6,12.45,37.66666667,61,1020.4,0
1438,0,4.2,6.7,15.25,24.33333333,58.5,1013.55,0
1439,0,5,10.5,15.975,25.33333333,44.5,1022.05,0
1440,0,10.6,12.4,24.45,28.66666667,56,1020.35,0
1441,0,4.2,10.4,15.55,16.66666667,46,1019.2,0
1442,0,2.8,9.8,15.5,25.33333333,68.5,1016.7,0
1443,0,4.6,12.1,24.05,22.66666667,42,1011.05,0
1444,0,7.2,10.7,31,22.66666667,54,1009.35,0
1445,0,15.8,7,20.65,39,46,1003.25,0
1446,0,11,13,19.975,24,48,1011.35,0
1447,0,7.4,11.4,24.1,39.66666667,41,1019.3,0
1448,0,6.6,5.9,24.35,38.66666667,83,1012.15,0
1449,3.4,1.6,7.2,25.425,16,80.5,1012.05,0
1450,0,8.8,8.4,28.225,37.66666667,68,1006.9,1
1451,0,4.6,7.7,20.275,11.66666667,69.5,1015.15,0
1452,4.6,3.2,10.8,16.625,14.66666667,42,1018.25,0
1453,0,7.8,11.1,13.95,33.33333333,33,1020.2,0
1454,0,2.8,4.6,19.425,22.33333333,29,1017.65,0
1455,0,10,11.9,26.725,44.33333333,36,1017.75,0
1456,0,1.6,9.2,11,25.66666667,59.5,1018.65,0
1457,0,2.6,9.9,15.725,14,49.5,1012.65,0
1458,6.6,3.6,10.8,27.875,16,62,1015.35,0
1459,0,10.8,13.1,29.575,22,16.5,1013.4,0
1460,0,4.6,10,28.325,18,67.5,1011.65,0
1461,1.4,0.4,4.4,9.475,17.33333333,83,1029.45,0
1462,0,14,0.1,23.375,45,34.5,1010.4,0
1463,3.6,1.6,4.9,13.7,25.66666667,82.5,1013.35,1
1464,0,15,8.1,18.925,43.33333333,33,1020.25,0
1465,0,4,0,12.55,19,74,1013.55,1
1466,0,1.8,9.5,10.825,26.33333333,62.5,1022.5,0
1467,0,9,13.6,25.825,22,43,1015.55,0
1468,13,2.2,4.5,13.65,32,80,1013.55,0
1469,0.2,2,7.3,12.2,26,62,1016.7,0
1470,6.8,2,6.1,13.125,30.33333333,59,1017.9,0
1471,0,8,11.8,29.925,22.66666667,60,1007.9,0
1472,1.6,1.2,2,11.575,22.66666667,88.5,1024.65,0
1473,0,7.4,8.8,25.4,26,23.5,1013.35,0
1474,0,7.8,11.5,22.25,18.33333333,29.5,1014.85,0
1475,6.8,4.6,4.3,14.9,19.66666667,75,1002.2,1
1476,0,4.6,11.2,15.925,21,31.5,1023.85,0
1477,1.4,1.8,5.6,10.35,14.33333333,69,1018.05,0
1478,0,10,6.1,28.825,28,32,1015.7,0
1479,59,8.4,1,18.725,45,78.5,1016.3,1
1480,0,12,11.6,27.725,35.66666667,22,1016.05,0
1481,0,0.4,0.5,11.075,12,92.5,1010.7,1
1482,0,8.4,12.6,26.875,21,55,1008,1
1483,0,8.4,12.2,28.25,22.66666667,53.5,1010.85,0
1484,0,10.8,13,26.525,35,27,1019.5,0
1485,0,5.2,10.2,17.675,29,61.5,1022.2,0
1486,0.8,5.8,3.7,17.375,23.33333333,79.5,1012.95,1
1487,0,2.8,10.7,11.875,23.66666667,73.5,1033.15,0
1488,8,4.6,2.1,14.275,44.33333333,66,1000.8,1
1489,0,19.6,13.6,21.6,43.66666667,29.5,1014.65,0
1490,0,5.4,9.7,16.075,25.33333333,41.5,1020.4,0
1491,0,8,11.5,20.975,19.66666667,81.5,1009.4,0
1492,0,5,4.9,17.15,23,74,1021.65,1
1493,0,1.6,5.6,15.15,20.33333333,66.5,1013.7,1
1494,0,6.6,4.6,24.225,27,65.5,1018.9,1
1495,0,11.6,11.3,32.275,17,27,1009.15,0
1496,0,4.2,10.5,24.975,32.66666667,60,1015.8,0
1497,1.8,4.8,12.1,16.075,29.33333333,37,1021.85,0
1498,1.6,7.8,0.8,19,25.66666667,79.5,1022.3,1
1499,0,4.4,10,20.625,23.33333333,36,1025.15,0
1500,3.2,5.6,9.9,16.9,29,49.5,1015.9,0
1501,0,7.6,9.5,29.45,22,58,1009.7,0
1502,0,4.2,10.9,13.9,24,33,1019.1,0
1503,0,5.4,8.7,16.6,30.33333333,74.5,1023.8,0
1504,0.4,1.4,11.9,25.575,12.66666667,64,1011.6,0
1505,0,5.3,6.9,15.025,16.66666667,61.5,1019.15,0
1506,0,9.2,7.9,22.9,23.33333333,59,1020.65,0
1507,15.6,6,8.2,29.875,23.33333333,69.5,1007,0
1508,0,3,9.5,17.925,22.66666667,50.5,1012.7,1
1509,0,7.2,10.1,22.1,21,65.5,1015.1,0
1510,0,3.2,10.5,14.3,24,73,1025.05,0
1511,5.2,0.4,1.1,18.725,18.33333333,86.5,1004.55,0
1512,0,3.6,7.6,15.75,14,71,1021.6,0
1513,0.4,5.2,13,19.95,23.66666667,52,1015.25,0
1514,0,6,10.9,19.05,21.33333333,39,1014.35,0
1515,0,3.2,9.5,15.375,24,53,1031.75,0
1516,0,8.6,11.2,29.65,22.66666667,46.5,1012.35,0
1517,0,4,10.9,29.175,17.33333333,67.5,1011.05,0
1518,0,3.4,9.3,14.25,18.33333333,61.5,1027.15,0
1519,0,5.4,11,18.925,24.66666667,69,1017,0
1520,3.4,1.4,9.4,15.3,41.33333333,57,1004.75,0
